<eplayOrganSettings>
    <organSelector version="3.0" numberoforgans="1" organselected="0" midioutput="None" midifileport="None" stopsport="None" pedport="None" accport="None" greatport="None" swellport="None" windowheight="760" windowwidth="900" windowy="190" windowx="190" immediatestart="0" audiodriver="dsound" audio1="default" audio2="default" audio3="default" audio4="default" translateinput="0" translateoutput="0"/>
    <organ0 organname="HW St Maximin FranceV1" swellchan="4" validswellstop="2301;2302;2303;2304;2305;2306;2307;2401;2402;2403;2501;2502;2503;1730" greatchan="3" validgreatstop="2201;2202;2203;2204;2205;2206;2207;2208;2209;2210;2211;2212;2213;2214;2215;1720" pedchan="1" validpedstop="1016" stopchan="2" stopcode="nrpn" stopopen0="127" stopclose0="0" stopopen1="" stopclose1="" mastercancel="199;127" swellpedal="183;7;183;7" crescpedal="" accchan="2" validaccstop="2101;2102;2103;2104;2105;2106;2107;2108;2109;2110;2111;2112;2113;2114;2115;2116" percchan="" validpercstop="" swellsoundfont="eorg104a900.sf2" greatsoundfont="eorg104a900.sf2" accsoundfont="eorg104a900.sf2" pedsoundfont="eorg104a900.sf2" sysexmfr="" reverb="5" swellbank="0" greatbank="0" accbank="0" pedbank="0" audiogain="0.3" aTouchOn="0"/>
    <FS1 swell0="2401 zCornet;41;0;100" great0="2215 zVox 8;39;0;139" acc0="2104 zCromorne 8;50;0;127" ped0=""/>
    <FS2 swell0="2304 zClarion 4;14;0;144" great0="2204 zClarion 4;14;0;144" acc0="2102 zCimbale III;9;0;100" ped0=""/>
    <FS3 swell0="2403 zTrumpet1 8;13;0;131" great0="2214 zTrumpet 8;13;0;131" acc0="2109 qLarigot 1 1/3;36;+19;95" ped0=""/>
    <FS4 swell0="2302 zTrumpet2 8;13;0;131" great0="2203 zCimbale IV;10;0;100" acc0="2106 qDoublet 2;23;0;84" ped0=""/>
    <FS5 swell0="2402 zHautbois;27;0;133" great0="2212 zFourn IV;59;0;100" acc0="2111 qNazard 2 2/3;7;0;76" ped0=""/>
    <FS6 swell0="2303 zBombard 16;25;0;116" great0="2208 zFourn II;9;0;100" acc0="2101 qBourdon 8;18;0;40" ped0=""/>
    <FS7 swell0="2301 zTrumpet 8;13;0;127" great0="2209 qTierce 1 3/5;36;+16;91" acc0="2110 qMontre 8;2;0;31" ped0=""/>
    <FS8 swell0="2306 qFlute 4;36;0;63" great0="2213 qPrestant 4;35;0;31" acc0="2116 zTrumpet 8;13;0;131" ped0=""/>
    <FS9 swell0="2502 qFlute 8;32;0;43" great0="2207 qNazard 2 2/3;7;0;76" acc0="2103 zClarion 4;14;0;144" ped0=""/>
    <FS10 swell0="2501 zCornet;41;0;100" great0="2202 qBourdon 8;18;0;40" acc0="2115 qTierce 1 3/5;36;+16;91" ped0=""/>
    <FS11 swell0="2305 qFlute 16;16;0;15" great0="2201 qBourdon 16;55;0;15" acc0="2108 zFourn III;10;0;100" ped0=""/>
    <FS12 swell0="2307 qFlute 8;32;0;43" great0="2210 qMontre 16;0;0;9" acc0="2107 qFlute 8;32;0;43" ped0=""/>
    <FS13 swell0="2503 zTrumpet 8;13;0;128" great0="2205 zCornet;41;0;100" acc0="2113 qNazard 2 2/3;7;0;76" ped0=""/>
    <FS14 swell0="" great0="2206 zTrumpet 16;11;0;114" acc0="2105 zCornet;41;0;100" ped0=""/>
    <FS15 swell0="" great0="2211 qMontre 8;2;0;31" acc0="2112 qPrestant 4;35;0;31" ped0=""/>
    <FS16 swell0="" great0="" acc0="" ped0=""/>
    <FS17 swell0="" great0="" acc0="2114 ySonnette;123" ped0=""/>
    <FS18 swell0="" great0="" acc0="" ped0=""/>
    <FS19 swell0="" great0="" acc0="" ped0=""/>
    <FS20 swell0="" great0="" acc0="" ped0=""/>
    <FS21 swell0="" great0="" acc0="" ped0=""/>
    <FS22 swell0="" great0="" acc0="" ped0=""/>
    <FS23 swell0="" great0="" acc0="" ped0=""/>
    <FS24 swell0="" great0="" acc0="" ped0=""/>
    <FS25 swell0="" great0="" acc0="" ped0=""/>
    <FS26 swell0="" great0="" acc0="" ped0=""/>
    <FS27 swell0="" great0="" acc0="" ped0=""/>
    <FS28 swell0="" great0="" acc0="" ped0=""/>
    <FS29 swell0="" great0="" acc0="" ped0=""/>
    <FS30 swell0="" great0="" acc0="" ped0="1016 Swell to Ped;247"/>
    <FS31 swell0="" great0="" acc0="" ped0=""/>
    <FS32 swell0="1730 Trem;123;0;176" great0="1720 Trem;123;0;176" acc0="" ped0=""/>
    <playorgan0 song0=""/>
    <PP swell0="" great0="" acc0="" ped0=""/>
    <P swell0="" great0="" acc0="" ped0=""/>
    <MF swell0="" great0="" acc0="" ped0=""/>
    <F swell0="" great0="" acc0="" ped0=""/>
    <FF swell0="" great0="" acc0="" ped0=""/>
    <P1 swell0="" great0="" acc0="" ped0=""/>
    <P2 swell0="" great0="" acc0="" ped0=""/>
    <P3 swell0="" great0="" acc0="" ped0=""/>
    <P4 swell0="" great0="" acc0="" ped0=""/>
    <P5 swell0="" great0="" acc0="" ped0=""/>
</eplayOrganSettings>
