<eplayOrganSettings>
    <organSelector version="3.1" numberoforgans="1" organselected="0" midioutput="None" midifileport="None" stopsport="None" pedport="None" accport="None" greatport="None" swellport="None" windowheight="760" windowwidth="900" windowy="190" windowx="190" immediatestart="0" audiodriver="dsound" audio1="default" audio2="default" audio3="default" audio4="default" translateinput="0" translateoutput="0"/>
    <organ0 organname="HW MMC-Lodge 2V2-1" swellchan="3" validswellstop="2201;2202;2205;2206;2207;2211;2212;2213;1720" greatchan="2" validgreatstop="2102;2103;2104;2106;2109" pedchan="1" validpedstop="2001;2002;1006;1011;1107;1111;1210;1211;1212" stopchan="2" stopcode="nrpn" stopopen0="127" stopclose0="0" stopopen1="" stopclose1="" mastercancel="199;127" swellpedal="178;11;178;11" accchan="" validaccstop="" percchan="" validpercstop="" swellsoundfont="eplayUniversalOrgan.sf2" greatsoundfont="eplayUniversalOrgan.sf2" accsoundfont="" pedsoundfont="eplayUniversalOrgan.sf2" sysexmfr="" reverb="0" swellbank="1" greatbank="1" accbank="0" pedbank="1" audiogain="0.3" trem="120" aTouchOn="0" defaultswellstop="" defaultgreatstop="" defaultaccstop="" defaultpedstop=""/>
    <FS1 swell0="2207 qFlute d&apos;AmourZZ4;36;0;63" great0="2109 zHornZZ8;46;0;127" acc0="" ped0="2001 qBourdonZZ16;55;0;15"/>
    <FS2 swell0="2205 yCelesteZZ8;20;0;35" great0="" acc0="" ped0=""/>
    <FS3 swell0="2213 zVox HumZZ8;39;0;139" great0="2106 qH FluteZZ4;36;0;63" acc0="" ped0="2002 qLieb GedZZ16;32;-12;12"/>
    <FS4 swell0="2211 qSalicionalZZ8;19;0;34" great0="" acc0="" ped0=""/>
    <FS5 swell0="2212 zOboeZZ8;27;0;133" great0="2103 qDulcianaZZ8;4;0;40" acc0="" ped0=""/>
    <FS6 swell0="2202 qSt DiapZZ8;3;0;31" great0="" acc0="" ped0=""/>
    <FS7 swell0="2206 qChimes;113;0;161" great0="2104 qFluteZZ8;32;0;43" acc0="" ped0=""/>
    <FS8 swell0="2201 qBourdonZZ16;55;0;15" great0="" acc0="" ped0=""/>
    <FS9 swell0="" great0="2102 qOpn DiaZZ8;2;0;31" acc0="" ped0=""/>
    <FS10 swell0="" great0="" acc0="" ped0=""/>
    <FS11 swell0="" great0="" acc0="" ped0=""/>
    <FS12 swell0="" great0="" acc0="" ped0=""/>
    <FS13 swell0="" great0="" acc0="" ped0=""/>
    <FS14 swell0="" great0="" acc0="" ped0=""/>
    <FS15 swell0="" great0="" acc0="" ped0=""/>
    <FS16 swell0="" great0="" acc0="" ped0=""/>
    <FS17 swell0="" great0="" acc0="" ped0=""/>
    <FS18 swell0="" great0="" acc0="" ped0=""/>
    <FS19 swell0="" great0="" acc0="" ped0=""/>
    <FS20 swell0="" great0="" acc0="" ped0=""/>
    <FS21 swell0="" great0="" acc0="" ped0=""/>
    <FS22 swell0="" great0="" acc0="" ped0=""/>
    <FS23 swell0="" great0="" acc0="" ped0="1212 SwellZZOct;266"/>
    <FS24 swell0="" great0="" acc0="" ped0="1210 SwellZZSub;265"/>
    <FS25 swell0="" great0="" acc0="" ped0="1211 SwellZZUni Off;271"/>
    <FS26 swell0="" great0="" acc0="" ped0="1111 SwellZZto Grt;247"/>
    <FS27 swell0="" great0="" acc0="" ped0="1107 GreatZZOct;268"/>
    <FS28 swell0="" great0="" acc0="" ped0=""/>
    <FS29 swell0="" great0="" acc0="" ped0=""/>
    <FS30 swell0="" great0="" acc0="" ped0="1011 SwellZZto Ped;247"/>
    <FS31 swell0="" great0="" acc0="" ped0="1006 GreatZZto Ped;248"/>
    <FS32 swell0="1720 Trem;-2;0;176" great0="" acc0="" ped0=""/>
    <playorgan0 song0=""/>
    <PP swell0="" great0="" acc0="" ped0=""/>
    <P swell0="" great0="" acc0="" ped0=""/>
    <MF swell0="" great0="" acc0="" ped0=""/>
    <F swell0="" great0="" acc0="" ped0=""/>
    <FF swell0="" great0="" acc0="" ped0=""/>
    <P1 swell0="" great0="" acc0="" ped0=""/>
    <P2 swell0="" great0="" acc0="" ped0=""/>
    <P3 swell0="" great0="" acc0="" ped0=""/>
    <P4 swell0="" great0="" acc0="" ped0=""/>
    <P5 swell0="" great0="" acc0="" ped0=""/>
    <PP_1 swell0="" great0="" acc0="" ped0=""/>
    <P_1 swell0="" great0="" acc0="" ped0=""/>
    <MF_1 swell0="" great0="" acc0="" ped0=""/>
    <F_1 swell0="" great0="" acc0="" ped0=""/>
    <FF_1 swell0="" great0="" acc0="" ped0=""/>
    <P1_1 swell0="" great0="" acc0="" ped0=""/>
    <P2_1 swell0="" great0="" acc0="" ped0=""/>
    <P3_1 swell0="" great0="" acc0="" ped0=""/>
    <P4_1 swell0="" great0="" acc0="" ped0=""/>
    <P5_1 swell0="" great0="" acc0="" ped0=""/>
    <PP_2 swell0="" great0="" acc0="" ped0=""/>
    <P_2 swell0="" great0="" acc0="" ped0=""/>
    <MF_2 swell0="" great0="" acc0="" ped0=""/>
    <F_2 swell0="" great0="" acc0="" ped0=""/>
    <FF_2 swell0="" great0="" acc0="" ped0=""/>
    <P1_2 swell0="" great0="" acc0="" ped0=""/>
    <P2_2 swell0="" great0="" acc0="" ped0=""/>
    <P3_2 swell0="" great0="" acc0="" ped0=""/>
    <P4_2 swell0="" great0="" acc0="" ped0=""/>
    <P5_2 swell0="" great0="" acc0="" ped0=""/>
    <PP_3 swell0="" great0="" acc0="" ped0=""/>
    <P_3 swell0="" great0="" acc0="" ped0=""/>
    <MF_3 swell0="" great0="" acc0="" ped0=""/>
    <F_3 swell0="" great0="" acc0="" ped0=""/>
    <FF_3 swell0="" great0="" acc0="" ped0=""/>
    <P1_3 swell0="" great0="" acc0="" ped0=""/>
    <P2_3 swell0="" great0="" acc0="" ped0=""/>
    <P3_3 swell0="" great0="" acc0="" ped0=""/>
    <P4_3 swell0="" great0="" acc0="" ped0=""/>
    <P5_3 swell0="" great0="" acc0="" ped0=""/>
</eplayOrganSettings>
