<eplayOrganSettings>
    <organSelector version="3.1" numberoforgans="1" organselected="0" midioutput="None" midifileport="None" stopsport="None" pedport="None" accport="None" greatport="None" swellport="None" windowheight="760" windowwidth="900" windowy="190" windowx="190" immediatestart="0" audiodriver="dsound" audio1="default" audio2="default" audio3="default" audio4="default" translateinput="0" translateoutput="0"/>
    <organ0 organname="HW Engler KrzeszowV2-1" swellchan="4" validswellstop="2301;2302;2303;2304;2305;2306;2307;2308;2309;2310;2311;2312" greatchan="3" validgreatstop="2202;2203;2204;2205;2206;2207;2208;2209;2210;2211;2212;2213;2214;2215" pedchan="1" validpedstop="2001;2002;2003;2004;2005;2006;2007;2008;2009;2010;2011;2012;2013;2014;2015;2016;2017;2401;2402;2403;1111;1011;1006" stopchan="2" stopcode="nrpn" stopopen0="127" stopclose0="0" stopopen1="" stopclose1="" mastercancel="199;127" swellpedal="183;7;183;7" accchan="2" validaccstop="2102;2103;2104;2105;2106;2107;2108;2109;2110;2111" percchan="" validpercstop="" swellsoundfont="eplayUniversalOrgan.sf2" greatsoundfont="eplayUniversalOrgan.sf2" accsoundfont="eplayUniversalOrgan.sf2" pedsoundfont="eplayUniversalOrgan.sf2" sysexmfr="" reverb="0" swellbank="1" greatbank="1" accbank="1" pedbank="1" audiogain="0.3" trem="120" aTouchOn="0" defaultswellstop="" defaultgreatstop="" defaultaccstop="" defaultpedstop=""/>
    <FS1 swell0="2304 qPrincipalZZ8;3;0;31" great0="2210 qPrincipalZZ8;3;0;31" acc0="2107 qPrincipalZZ8;3;0;31" ped0="2007 qPrincipalZZ16;0;0;9"/>
    <FS2 swell0="2311 zTrompetZZ8;13;0;128" great0="2208 zNachthornZZ4;14;0;131" acc0="2104 zHautboisZZ8;25;+12;127" ped0="2402 zPosaunenZZ32;61;0;108"/>
    <FS3 swell0="2307 qRohrflautZZ8;32;0;43" great0="2202 qBourdonZZ16;55;0;12" acc0="2103 qFlaut AmabileZZ8;4;0;43" ped0="2003 qMajorZZ32;52;0;2"/>
    <FS4 swell0="2312 zVoxZZ8;39;0;139" great0="2206 zGemshorn QuintZZ3;22;+7;76" acc0="" ped0="2401 zPosaunenZZ16;47;-12;114"/>
    <FS5 swell0="2308 qSalicetZZ8;19;0;34" great0="2211 qQuintadenaZZ16;44;-12;9" acc0="2102 qFlaut AllemanZZ8;18;0;41" ped0="2015 qViolonZZ16;42;-12;17"/>
    <FS6 swell0="" great0="2212 qOctaveZZ2;5;+12;84" acc0="" ped0="2403 zTrompetZZ8;13;0;128"/>
    <FS7 swell0="2303 qOctaveZZ4;5;0;56" great0="2215 qViola di GambaZZ16;16;0;9" acc0="2109 qQuintadenaZZ8;44;0;40" ped0="2012 qSubZZ16;52;+12;116"/>
    <FS8 swell0="" great0="2207 qMixtureZZVI;9;0;100" acc0="" ped0=""/>
    <FS9 swell0="2301 qFluteZZ4;22;0;63" great0="2204 qFlautZZ8;32;0;43" acc0="2106 qOctaveZZ4;5;0;56" ped0="2011 qSalicetZZ16;30;0;12"/>
    <FS10 swell0="" great0="2203 qCimbelZZII;10;0;100" acc0="" ped0=""/>
    <FS11 swell0="2306 qQuintaZZ3;22;+7;76" great0="2205 zGemshornZZ8;21;-12;127" acc0="2108 qQuintaZZ3;22;+7;76" ped0="2008 qQuintadenZZ16;44;-12;15"/>
    <FS12 swell0="" great0="2214 qUnda marisZZ8;33;0;40" acc0="" ped0=""/>
    <FS13 swell0="2310 qOctaveZZ2;5;+12;84" great0="2213 qFlaut travZZ8;18;0;41" acc0="2111 qOctaveZZ2;5;+12;84" ped0="2005 qOctaveZZ8;56;0;40"/>
    <FS14 swell0="" great0="" acc0="" ped0=""/>
    <FS15 swell0="2305 qQuintaZZ1 1/2;22;+16;91" great0="2209 qOctaveZZ4;5;0;56" acc0="2110 qSedecimaZZ1;23;0;84" ped0="2001 qFluteZZ8;32;0;43"/>
    <FS16 swell0="" great0="" acc0="" ped0=""/>
    <FS17 swell0="2309 qSedecimaZZ1;23;0;84" great0="" acc0="2105 qMixtureZZIII;9;0;100" ped0="2002 zGemshornZZ6;13;0;128"/>
    <FS18 swell0="" great0="" acc0="" ped0=""/>
    <FS19 swell0="" great0="" acc0="" ped0="2014 qOctaveZZ4;5;0;56"/>
    <FS20 swell0="" great0="" acc0="" ped0=""/>
    <FS21 swell0="" great0="" acc0="" ped0="2004 qMixtureZZVI;9;0;100"/>
    <FS22 swell0="" great0="" acc0="" ped0=""/>
    <FS23 swell0="" great0="" acc0="" ped0=""/>
    <FS24 swell0="" great0="" acc0="" ped0=""/>
    <FS25 swell0="" great0="" acc0="" ped0=""/>
    <FS26 swell0="" great0="" acc0="" ped0="1111 SwellZZto Grt;247"/>
    <FS27 swell0="" great0="" acc0="" ped0=""/>
    <FS28 swell0="" great0="" acc0="" ped0=""/>
    <FS29 swell0="" great0="" acc0="" ped0=""/>
    <FS30 swell0="" great0="" acc0="" ped0="1011 SwellZZto Ped;247"/>
    <FS31 swell0="" great0="" acc0="" ped0="1006 GreatZZto Ped;248"/>
    <FS32 swell0="" great0="" acc0="" ped0=""/>
    <playorgan0 song0=""/>
    <PP swell0="" great0="" acc0="" ped0=""/>
    <P swell0="" great0="" acc0="" ped0=""/>
    <MF swell0="" great0="" acc0="" ped0=""/>
    <F swell0="" great0="" acc0="" ped0=""/>
    <FF swell0="" great0="" acc0="" ped0=""/>
    <P1 swell0="" great0="" acc0="" ped0=""/>
    <P2 swell0="" great0="" acc0="" ped0=""/>
    <P3 swell0="" great0="" acc0="" ped0=""/>
    <P4 swell0="" great0="" acc0="" ped0=""/>
    <P5 swell0="" great0="" acc0="" ped0=""/>
    <PP_1 swell0="" great0="" acc0="" ped0=""/>
    <P_1 swell0="" great0="" acc0="" ped0=""/>
    <MF_1 swell0="" great0="" acc0="" ped0=""/>
    <F_1 swell0="" great0="" acc0="" ped0=""/>
    <FF_1 swell0="" great0="" acc0="" ped0=""/>
    <P1_1 swell0="" great0="" acc0="" ped0=""/>
    <P2_1 swell0="" great0="" acc0="" ped0=""/>
    <P3_1 swell0="" great0="" acc0="" ped0=""/>
    <P4_1 swell0="" great0="" acc0="" ped0=""/>
    <P5_1 swell0="" great0="" acc0="" ped0=""/>
    <PP_2 swell0="" great0="" acc0="" ped0=""/>
    <P_2 swell0="" great0="" acc0="" ped0=""/>
    <MF_2 swell0="" great0="" acc0="" ped0=""/>
    <F_2 swell0="" great0="" acc0="" ped0=""/>
    <FF_2 swell0="" great0="" acc0="" ped0=""/>
    <P1_2 swell0="" great0="" acc0="" ped0=""/>
    <P2_2 swell0="" great0="" acc0="" ped0=""/>
    <P3_2 swell0="" great0="" acc0="" ped0=""/>
    <P4_2 swell0="" great0="" acc0="" ped0=""/>
    <P5_2 swell0="" great0="" acc0="" ped0=""/>
    <PP_3 swell0="" great0="" acc0="" ped0=""/>
    <P_3 swell0="" great0="" acc0="" ped0=""/>
    <MF_3 swell0="" great0="" acc0="" ped0=""/>
    <F_3 swell0="" great0="" acc0="" ped0=""/>
    <FF_3 swell0="" great0="" acc0="" ped0=""/>
    <P1_3 swell0="" great0="" acc0="" ped0=""/>
    <P2_3 swell0="" great0="" acc0="" ped0=""/>
    <P3_3 swell0="" great0="" acc0="" ped0=""/>
    <P4_3 swell0="" great0="" acc0="" ped0=""/>
    <P5_3 swell0="" great0="" acc0="" ped0=""/>
</eplayOrganSettings>
