<eplayOrganSettings>
    <organSelector version="3.1" numberoforgans="1" organselected="0" midioutput="None" midifileport="None" stopsport="None" pedport="None" accport="None" greatport="None" swellport="None" windowheight="760" windowwidth="900" windowy="190" windowx="190" immediatestart="0" audiodriver="dsound" audio1="default" audio2="default" audio3="default" audio4="default" translateinput="0" translateoutput="0"/>
    <organ0 organname="HW Paramount 320V2-1" swellchan="4" validswellstop="2301;2302;2303;2304;2305;2306;2307;2308;2309;2310;2311;2312;2313;2314;2315;2316;2317;2318;2319;2320;2321;2322;2323;2324;2325;2326;2327;2328;2329;2330;2331;2332;2651" greatchan="3" validgreatstop="2201;2202;2203;2204;2205;2206;2207;2208;2209;2210;2211;2212;2213;2214;2215;2216;2217;2218;2219;2220;2221;2222;2223;2224;2225;2226;2227;2228;2229;2230;2231;2232;2233;2234;2235;2236;2237;2238;2239;2240;2241;2242;2243;2244;2245;2246;2247;2248;2650" pedchan="1" validpedstop="2001;2002;2003;2004;2005;2006;2007;2008;2009;2010;2011;2012;2013;2014;2015;2016;2017;2018;2019;2020;2021;2022;1107;1116;1212;1216;1006;1012;1016;1317;1315;1316" stopchan="2" stopcode="nrpn" stopopen0="127" stopclose0="0" stopopen1="" stopclose1="" mastercancel="199;127" swellpedal="178;11;179;11" accchan="2" validaccstop="2101;2102;2103;2104;2105;2106;2107;2108;2109;2110;2111;2112;2113;2114;2115;2116;2117;2118;2119;2120;2121;2122;2123;2124;2125;2126;2127;2128;2129;2130;2131;2132;2133;2134" percchan="" validpercstop="" swellsoundfont="eplayUniversalOrgan.sf2" greatsoundfont="eplayUniversalOrgan.sf2" accsoundfont="eplayUniversalOrgan.sf2" pedsoundfont="eplayUniversalOrgan.sf2" sysexmfr="" reverb="0" swellbank="0" greatbank="0" accbank="0" pedbank="0" audiogain="0.3" trem="50" aTouchOn="0" defaultswellstop="" defaultgreatstop="" defaultaccstop="" defaultpedstop=""/>
    <FS1 swell0="2301 zHornZZ16;0;-12;114" great0="2201 zHornZZ16;0;-12;114" acc0="2101 zHornZZ8;0;0;127" ped0="2001 zTubaZZ16;6;-12;115"/>
    <FS2 swell0="2317 qFluteZZ8;44;0;43" great0="2222 qGambaZZ8;30;0;37" acc0="2117 qStrZZ4;23;+12;37" ped0="2012 qTibiaZZ8;18;0;40"/>
    <FS3 swell0="2302 zTrumpetZZ16;1;-12;116" great0="2203 zTubaZZ16;6;-12;115" acc0="2102 zTrumpetZZ8;1;0;131" ped0="2002 qDiaphZZ16;10;-12;9"/>
    <FS4 swell0="2318 zVoxZZ8;39;0;139" great0="2223 yCelZZ8;31;0;35" acc0="2118 qFl PicZZ4;44;+12;84" ped0="2013 zClarZZ8;32;0;132"/>
    <FS5 swell0="2303 zTubaZZ16;6;-12;115" great0="2204 qDiaphZZ16;10;-12;9" acc0="2103 zTubaZZ8;6;0;128" ped0="2003 qBassZZ16;15;-12;15"/>
    <FS6 swell0="2319 qOctZZ4;10;+12;56" great0="2225 qFluteZZ8;44;0;43" acc0="2119 zVoxZZ4;39;+12;139" ped0="2014 qGambaZZ8;30;0;37"/>
    <FS7 swell0="2304 qDiaphZZ16;10;-12;9" great0="2206 qTibiaZZ16;18;-12;12" acc0="2104 qDiapZZ8;10;0;31" ped0="2004 qTibiaZZ16;18;-12;12"/>
    <FS8 swell0="2320 qPiccoloZZ4;44;+12;63" great0="2226 zVoxZZ8;39;0;139" acc0="2120 qTibiaZZ12th;19;+19;76" ped0="2015 qStrZZ8;30;0;34"/>
    <FS9 swell0="2305 qTibiaZZ16;18;-12;12" great0="2207 zClarZZ16;32;-12;118" acc0="2105 qO DiapZZ8;11;0;31" ped0="2005 qGambaZZ16;30;-12;17"/>
    <FS10 swell0="2321 q12th;44;+19;76" great0="2227 qTibiaZZQuint;19;+7;53" acc0="2121 qFl Naz;44;+19;76" ped0="2016 qFluteZZ8;44;0;43"/>
    <FS11 swell0="2306 zClarZZ16;32;-12;118" great0="2208 zOboeZZ16;33;-12;131" acc0="2106 qTibiaZZ8;18;0;40" ped0="2006 qBourZZ16;44;-12;15"/>
    <FS12 swell0="2322 qPicccoloZZ2;44;+24;84" great0="2228 qOctZZ4;10;+12;56" acc0="2122 qPicZZ2;44;+24;84" ped0="2017 qPianoZZ16;100;-12;154"/>
    <FS13 swell0="2307 zHornZZ8;0;0;127" great0="2209 qGambaZZ16;30;-12;17" acc0="2107 zClarZZ8;32;0;132" ped0="2007 zHornZZ8;0;0;127"/>
    <FS14 swell0="2323 qTierce;44;+28;91" great0="2229 qTib PicZZ4;19;+12;63" acc0="2123 qPianoZZ8;100;0;154" ped0="2018 qPianoZZ8;100;0;154"/>
    <FS15 swell0="2308 zTrumpetZZ8;1;0;131" great0="2210 yCelZZ16;31;-12;34" acc0="2108 zOboeZZ8;33;0;133" ped0="2008 zTrumpetZZ8;1;0;128"/>
    <FS16 swell0="2324 qTib Lar;19;+31;95" great0="2230 qGambaZZ4;30;+12;59" acc0="2126 qHarp;110;0;157" ped0="2019 qBass Drum;P;36;202"/>
    <FS17 swell0="2309 zTubaZZ8;6;0;128" great0="2212 qBourZZ16;44;-12;15" acc0="2109 qGambaZZ8;30;0;37" ped0="2009 zTubaZZ8;6;0;128"/>
    <FS18 swell0="2325 qTib FifeZZ1;19;+36;91" great0="2232 qFl PicZZ4;44;+12;63" acc0="2127 qChrys;108;0;166" ped0="2020 qSn Drum;P;38;205"/>
    <FS19 swell0="2310 qDiaZZ8;10;0;31" great0="2213 zVoxZZ16;39;-12;121" acc0="2110 yCelZZ8;31;0;35" ped0="2010 qDiapZZ8;10;0;31"/>
    <FS20 swell0="2326 qPianoZZ8;100;0;154" great0="2240 qTib FifeZZ1;19;+36;91" acc0="2128 qSide Stick;P;37;207" ped0="2021 qCrash Cym;P;49;203"/>
    <FS21 swell0="2311 qTibiaZZ8;18;0;40" great0="2214 zHornZZ8;0;0;127" acc0="2111 qStrZZ8;30;0;37" ped0="2011 qO DiapZZ8;11;0;31"/>
    <FS22 swell0="2328 qHarp;110;0;157" great0="2242 qPianoZZ8;100;0;154" acc0="2129 qSnare;P;38;205" ped0="2022 qCymbal;P;51;203"/>
    <FS23 swell0="2312 zClarZZ8;32;0;132" great0="2216 zTubaZZ8;6;0;128" acc0="2112 qFluteZZ8;44;0;43" ped0="1317 SwellZZOct;266"/>
    <FS24 swell0="2329 qChimes;113;0;161" great0="2245 qHarp;110;0;157" acc0="2130 qTamb;P;54;207" ped0="1315 SwellZZSub;265"/>
    <FS25 swell0="2313 zOboeZZ8;33;0;133" great0="2217 qDiaZZ8;10;0;31" acc0="2113 zVoxZZ8;39;0;139" ped0="1316 SwellZZUni Off;271"/>
    <FS26 swell0="2330 qChrys;108;0;166" great0="2246 qChrys;108;0;166" acc0="2131 qCast;P;85;208" ped0="1216 SwellZZto Grt;247"/>
    <FS27 swell0="2314 qGambaZZ8;30;0;34" great0="2219 qTibiaZZ8;18;0;40" acc0="2114 qOctZZ4;10;+12;56" ped0="1212 GreatZZOct;268"/>
    <FS28 swell0="2331 qXylo;105;0;163" great0="2247 qXylo;105;0;163" acc0="2132 qTom;P;50;209" ped0="1116 SwellZZto Acc;247"/>
    <FS29 swell0="2315 yCelZZ8;31;0;35" great0="2220 zClarZZ8;32;0;132" acc0="2115 qTib PicZZ4;19;+12;63" ped0="1107 AccZZOct;270"/>
    <FS30 swell0="2332 qGlock;103;0;162" great0="2248 qGlock;103;0;162" acc0="2133 qBlock;P;76;210" ped0="1016 SwellZZto Ped;247"/>
    <FS31 swell0="2316 qStrZZ8;30;0;34" great0="2221 zOboeZZ8;33;0;133" acc0="2116 qGambaZZ4;30;-12;37" ped0="1012 GreatZZto Ped;248"/>
    <FS32 swell0="2651 Trem;-2;0;176" great0="2650 Trem;-2;0;176" acc0="2134 qCym;P;51;203" ped0="1006 AccZZto Ped;250"/>
    <playorgan0 song0=""/>
    <PP swell0="2318;2320" great0="2229;2219" acc0="2112" ped0="2006;2016"/>
    <P swell0="2314;2315;2322" great0="2222;2223;2229;2230;2213;2217;2219;" acc0="2104;2109;2110;2112" ped0="2004;2006;2012;2016"/>
    <MF swell0="2313;2321;2322" great0="2222;2223;2206;2226;2207;2229;2230;2213;2232;2219;2220;" acc0="2104;2106;2109;2110;2112" ped0="2002;2004;2006;2010;2012;2016"/>
    <F swell0="2320;2310;2332;" great0="2222;2223;2204;2225;2206;2209;2228;2229;2212;2230;2232;2240;2217;2219;2220;2221;" acc0="2104;2106;2108;2109;2110;2112;2116" ped0="2001;2002;2004;2006;2009;2010;2012;2014;2016"/>
    <FF swell0="2319;2320;2309;2310;2311;2314;2315;2317;2318;" great0="2201;2222;2203;2223;2204;2225;2206;2207;2208;2209;2228;2210;2229;2230;2232;2214;2240;2216;2217;2219;2220;2221;" acc0="2103;2104;2106;2107;2108;2109;2110;2112;2116" ped0="2001;2004;2005;2006;2007;2009;2010;2012;2014;2016"/>
    <P1 swell0="2311;2322" great0="2236;2219" acc0="2112" ped0=""/>
    <P2 swell0="2312;2320" great0="2229;2206;2213;2219;2226" acc0="2110;2112;2113" ped0=""/>
    <P3 swell0="2307;2309;2311" great0="2229;2230;2232;2234;2235;2236;2238;2239;2217;2219;2220;2221;2222;2223;2225;2226" acc0="2104;2109;2110;2112;2113" ped0=""/>
    <P4 swell0="2320;2307;2331;" great0="2229;2230;2232;2236;2238;2204;2206;2217;2219;2222;2223;2225" acc0="2104;2106;2109;2110;2112;2113" ped0=""/>
    <P5 swell0="2307;2309;2310;2311;" great0="2228;2230;2232;2236;2238;2203;2206;2207;2208;2212;2216;2217;2219;2221;2222;2223;2225;2226" acc0="2103;2104;2106;2108;2109;2110;2112;2113;2116" ped0=""/>
    <PP_1 swell0="" great0="" acc0="" ped0=""/>
    <P_1 swell0="" great0="" acc0="" ped0=""/>
    <MF_1 swell0="" great0="" acc0="" ped0=""/>
    <F_1 swell0="" great0="" acc0="" ped0=""/>
    <FF_1 swell0="" great0="" acc0="" ped0=""/>
    <P1_1 swell0="" great0="" acc0="" ped0=""/>
    <P2_1 swell0="" great0="" acc0="" ped0=""/>
    <P3_1 swell0="" great0="" acc0="" ped0=""/>
    <P4_1 swell0="" great0="" acc0="" ped0=""/>
    <P5_1 swell0="" great0="" acc0="" ped0=""/>
    <PP_2 swell0="" great0="" acc0="" ped0=""/>
    <P_2 swell0="" great0="" acc0="" ped0=""/>
    <MF_2 swell0="" great0="" acc0="" ped0=""/>
    <F_2 swell0="" great0="" acc0="" ped0=""/>
    <FF_2 swell0="" great0="" acc0="" ped0=""/>
    <P1_2 swell0="" great0="" acc0="" ped0=""/>
    <P2_2 swell0="" great0="" acc0="" ped0=""/>
    <P3_2 swell0="" great0="" acc0="" ped0=""/>
    <P4_2 swell0="" great0="" acc0="" ped0=""/>
    <P5_2 swell0="" great0="" acc0="" ped0=""/>
    <PP_3 swell0="" great0="" acc0="" ped0=""/>
    <P_3 swell0="" great0="" acc0="" ped0=""/>
    <MF_3 swell0="" great0="" acc0="" ped0=""/>
    <F_3 swell0="" great0="" acc0="" ped0=""/>
    <FF_3 swell0="" great0="" acc0="" ped0=""/>
    <P1_3 swell0="" great0="" acc0="" ped0=""/>
    <P2_3 swell0="" great0="" acc0="" ped0=""/>
    <P3_3 swell0="" great0="" acc0="" ped0=""/>
    <P4_3 swell0="" great0="" acc0="" ped0=""/>
    <P5_3 swell0="" great0="" acc0="" ped0=""/>
</eplayOrganSettings>
