<eplayOrganSettings>
    <organSelector version="3.0" numberoforgans="1" organselected="0" midioutput="None" midifileport="None" stopsport="None" pedport="None" accport="None" greatport="None" swellport="None" windowheight="760" windowwidth="900" windowy="190" windowx="190" immediatestart="0" audiodriver="dsound" audio1="default" audio2="default" audio3="default" audio4="default" translateinput="0" translateoutput="0"/>
    <organ0 organname="HW Skinner 1301 Oakland(sysex)V1" swellchan="4" validswellstop="12015;12016;12017;12018;12019;12020;12021;12022;12023;12024;12026;12027;12028;12029" greatchan="3" validgreatstop="12031;12032;12033;12034;12035;12037;12038;12039;12040" pedchan="1" validpedstop="12001;12002;12003;12004;12005;12006;12007;12008;12009;12010;12011;12012;12013;12014;12020;12025;12030;12051;12056;12058;12060;12063;12069" stopchan="2" stopcode="sysex" stopopen0="16" stopclose0="17" stopopen1="" stopclose1="" mastercancel="199;127" swellpedal="179;11;177;11" crescpedal="" accchan="2" validaccstop="12041;12042;12043;12044;12045;12047;12048;12049;12050;12052;12053;12054;12055" percchan="" validpercstop="" swellsoundfont="eorg104a900.sf2" greatsoundfont="eorg104a900.sf2" accsoundfont="eorg104a900.sf2" pedsoundfont="eorg104a900.sf2" sysexmfr="125;57;114" reverb="1" swellbank="0" greatbank="0" accbank="0" pedbank="0" audiogain="0.3" aTouchOn="0"/>
    <FS1 swell0="12015 zTrumpet 8;13;0;131" great0="12031 qZimbelstern;123;0;207" acc0="12042 zBombard 8;46;0;128" ped0="12001 zTrumpet 8;13;0;131"/>
    <FS2 swell0="12021 zFagot 16;25;0;116" great0="12037 zBombard 8;46;0;128" acc0="12047 zKrummhorn 8;50;0;127" ped0="12007 qRohr Schal 4;58;0;63"/>
    <FS3 swell0="12016 qScharf III;9;0;100" great0="12032 qMixture IV;9;0;100" acc0="12043 qZimbel III;9;0;100" ped0="12002 zPosaune 16;60;0;114"/>
    <FS4 swell0="12022 qQuint 1 1/3;45;+19;95" great0="12038 qPrestant 2;2;+24;84" acc0="12048 qFlute 2;23;0;80" ped0="12008 zFagot 16;25;0;116"/>
    <FS5 swell0="12017 qPrincipal 4;35;0;56" great0="12033 qOctave 4;5;0;56" acc0="12044 qPrincipal 2;35;+12;84" ped0="12003 qCh Bass 4;45;0;56"/>
    <FS6 swell0="12023 qRohr Fl 4;22;0;63" great0="12039 qFlute 4;22;0;63" acc0="12049 qPommer 4;22;0;56" ped0="12009 qGedakt 4;22;0;56"/>
    <FS7 swell0="12018 qViola 8;42;0;34" great0="12034 qPrincipal 8;3;0;31" acc0="12045 qFlute 8;32;0;43" ped0="12004 qOctave 8;56;0;40"/>
    <FS8 swell0="12024 qCeleste 8;20;0;35" great0="12040 qBourdon 8;18;0;43" acc0="12050 qCeleste 8;20;0;37" ped0="12010 qGedakt 8;32;0;43"/>
    <FS9 swell0="12026 zClarinet 4;14;0;144" great0="12035 zGemshorn 16;21;-24;115" acc0="" ped0="12005 qPrincipal 16;0;0;9"/>
    <FS10 swell0="" great0="" acc0="12052 qRohr Schal 4;36;0;63" ped0="12011 qGedakt 16;55;0;15"/>
    <FS11 swell0="12027 zVox 8;39;0;139" great0="" acc0="" ped0="12006 zSubBass 16;52;+12;108"/>
    <FS12 swell0="" great0="" acc0="12053 qTerz 1 3/5;32;+28;91" ped0="12012 zGemshorn 16;21;-24;115"/>
    <FS13 swell0="12028 zNachthorn 2;21;+12;144" great0="" acc0="" ped0=""/>
    <FS14 swell0="" great0="" acc0="12054 qNazat 2 2/3;7;0;76" ped0="12013 qUnter Satz 32;52;0;2"/>
    <FS15 swell0="12029 qGedakt 8;32;0;43" great0="" acc0="" ped0=""/>
    <FS16 swell0="" great0="" acc0="12055 qSpitz Flute 8;18;0;41" ped0=""/>
    <FS17 swell0="" great0="" acc0="" ped0=""/>
    <FS18 swell0="" great0="" acc0="" ped0=""/>
    <FS19 swell0="" great0="" acc0="" ped0=""/>
    <FS20 swell0="" great0="" acc0="" ped0=""/>
    <FS21 swell0="" great0="" acc0="" ped0=""/>
    <FS22 swell0="" great0="" acc0="" ped0=""/>
    <FS23 swell0="" great0="" acc0="" ped0="12014 Swell Oct;266"/>
    <FS24 swell0="" great0="" acc0="" ped0="12020 Swell Sub;265"/>
    <FS25 swell0="" great0="" acc0="" ped0="12025 Swl Uni Off;271"/>
    <FS26 swell0="" great0="" acc0="" ped0="12063 Swell to Grt;247"/>
    <FS27 swell0="" great0="" acc0="" ped0="12030 Great Oct;268"/>
    <FS28 swell0="" great0="" acc0="" ped0="12069 Swell to Acc;247"/>
    <FS29 swell0="" great0="" acc0="" ped0="12051 Acc Oct;270"/>
    <FS30 swell0="" great0="" acc0="" ped0="12058 Swell to Ped;247"/>
    <FS31 swell0="" great0="" acc0="" ped0="12056 Grt to Ped;248"/>
    <FS32 swell0="12019 Trem;123;0;176" great0="" acc0="12041 Trem;123;0;176" ped0="12060 Acc to Ped;250"/>
    <playorgan0 song0=""/>
    <PP swell0="12017;12018;12026;" great0="12034;12035;" acc0="" ped0="12005;12006;"/>
    <P swell0="" great0="" acc0="" ped0=""/>
    <MF swell0="" great0="" acc0="" ped0=""/>
    <F swell0="" great0="" acc0="" ped0=""/>
    <FF swell0="" great0="" acc0="" ped0=""/>
    <P1 swell0="" great0="" acc0="" ped0=""/>
    <P2 swell0="" great0="" acc0="" ped0=""/>
    <P3 swell0="" great0="" acc0="" ped0=""/>
    <P4 swell0="" great0="" acc0="" ped0=""/>
    <P5 swell0="12014;" great0="12038;12039;12040;" acc0="" ped0=""/>
</eplayOrganSettings>
