<eplayOrganSettings>
    <organSelector version="3.0" numberoforgans="1" organselected="0" midioutput="None" midifileport="None" stopsport="None" pedport="None" accport="None" greatport="None" swellport="None" windowheight="760" windowwidth="900" windowy="190" windowx="190" immediatestart="0" audiodriver="dsound" audio1="default" audio2="default" audio3="default" audio4="default" translateinput="0" translateoutput="0"/>
    <organ0 organname="HW Lipiny St Augustine VolkmannV1" swellchan="3" validswellstop="2201;2202;2203;2204;2205;2206" greatchan="2" validgreatstop="2101;2102;2103;2104;2105;2106;2107;2108;2109;2110;2111;2112" pedchan="1" validpedstop="2001;2002;2003;2004;2005;2006;2007;1022;1032;1054;1055;1101;1111" stopchan="2;1" stopcode="nrpn" stopopen0="127" stopclose0="0" stopopen1="" stopclose1="" mastercancel="199;127" swellpedal="183;7;183;7" crescpedal="" accchan="" validaccstop="" percchan="" validpercstop="" swellsoundfont="eorg104a900.sf2" greatsoundfont="eorg104a900.sf2" accsoundfont="eorg104a900.sf2" pedsoundfont="eorg104a900.sf2" sysexmfr="" reverb="1" swellbank="0" greatbank="0" accbank="0" pedbank="0" audiogain="0.3" aTouchOn="0"/>
    <FS1 swell0="2201 qPrincipal 8;2;0;31" great0="2102 qPrincipal 8;2;0;31" acc0="" ped0="2007 zPosaune 16;11;0;115"/>
    <FS2 swell0="" great0="2101 qBourdon 16;55;0;12" acc0="" ped0=""/>
    <FS3 swell0="2202 qSalicet 8;19;0;34" great0="2103 qViola 8;42;0;37" acc0="" ped0="2005 qFlute 8;32;0;43"/>
    <FS4 swell0="" great0="2104 zGemshorn 8;21;-12;127" acc0="" ped0=""/>
    <FS5 swell0="2204 qFlute 8;32;0;43" great0="2105 qFlute 8;32;0;43" acc0="" ped0="2002 qViolin 16;30;0;17"/>
    <FS6 swell0="" great0="2106 qOctave 4;5;0;56" acc0="" ped0=""/>
    <FS7 swell0="2203 qM Flute 8;18;0;41" great0="2107 qFlute 4;36;0;63" acc0="" ped0="2001 qPrincipal 16;0;0;9"/>
    <FS8 swell0="" great0="2108 qQuint 2 2/3;7;0;76" acc0="" ped0=""/>
    <FS9 swell0="2206 qFlute 4;36;0;63" great0="2109 qOctave 2;5;+12;84" acc0="" ped0="2003 qSubbas 16;52;-12;15"/>
    <FS10 swell0="" great0="2110 qCornet III;41;0;100" acc0="" ped0=""/>
    <FS11 swell0="2205 qViol 4;42;+12;40" great0="2111 qMixture IV;9;0;100" acc0="" ped0="2004 qOctave 8;56;0;43"/>
    <FS12 swell0="" great0="2112 zTrumpet 8;13;0;131" acc0="" ped0=""/>
    <FS13 swell0="" great0="" acc0="" ped0="2006 qOctave 4;5;0;56"/>
    <FS14 swell0="" great0="" acc0="" ped0=""/>
    <FS15 swell0="" great0="" acc0="" ped0=""/>
    <FS16 swell0="" great0="" acc0="" ped0=""/>
    <FS17 swell0="" great0="" acc0="" ped0=""/>
    <FS18 swell0="" great0="" acc0="" ped0=""/>
    <FS19 swell0="" great0="" acc0="" ped0=""/>
    <FS20 swell0="" great0="" acc0="" ped0=""/>
    <FS21 swell0="" great0="" acc0="" ped0=""/>
    <FS22 swell0="" great0="" acc0="" ped0=""/>
    <FS23 swell0="" great0="" acc0="" ped0="1055 mSwell Oct;266"/>
    <FS24 swell0="" great0="" acc0="" ped0="1054 mSwell Sub;265"/>
    <FS25 swell0="" great0="" acc0="" ped0=""/>
    <FS26 swell0="" great0="" acc0="" ped0="1111 Swell to Grt;247"/>
    <FS27 swell0="" great0="" acc0="" ped0="1032 mGreat Oct;268"/>
    <FS28 swell0="" great0="" acc0="" ped0=""/>
    <FS29 swell0="" great0="" acc0="" ped0=""/>
    <FS30 swell0="" great0="" acc0="" ped0="1022 mSwell to Ped;247"/>
    <FS31 swell0="" great0="" acc0="" ped0="1101 Grt to Ped;248"/>
    <FS32 swell0="" great0="" acc0="" ped0=""/>
    <playorgan0 song0=""/>
    <PP swell0="" great0="" acc0="" ped0=""/>
    <P swell0="" great0="" acc0="" ped0=""/>
    <MF swell0="" great0="" acc0="" ped0=""/>
    <F swell0="" great0="" acc0="" ped0=""/>
    <FF swell0="" great0="" acc0="" ped0=""/>
    <P1 swell0="" great0="" acc0="" ped0=""/>
    <P2 swell0="" great0="" acc0="" ped0=""/>
    <P3 swell0="" great0="" acc0="" ped0=""/>
    <P4 swell0="" great0="" acc0="" ped0=""/>
    <P5 swell0="" great0="" acc0="" ped0=""/>
</eplayOrganSettings>
