<eplayOrganSettings>
    <organSelector version="3.0" numberoforgans="1" organselected="0" midioutput="None" midifileport="None" stopsport="None" pedport="None" accport="None" greatport="None" swellport="None" windowheight="760" windowwidth="900" windowy="190" windowx="190" immediatestart="0" audiodriver="dsound" audio1="default" audio2="default" audio3="default" audio4="default" translateinput="0" translateoutput="0"/>
    <organ0 organname="Allen Generic Theatre Organ (TH302)" swellchan="4" validswellstop="127;128;31;40;132;135;37;138;64;76;84;162;163;176;251;269;270;271" greatchan="1" validgreatstop="113;115;9;13;17;118;120;121;127;128;31;41;132;135;37;42;139;53;56;64;59;65;77;84;91;98;162;163;176;266" pedchan="3" validpedstop="115;9;12;128;31;40;132;42;202;203;247;248;251;266;268;269;270;271" stopchan="" stopcode="nrpn" stopopen0="127" stopclose0="0" stopopen1="" stopclose1="" mastercancel="199;127" swellpedal="176;7;177;7" crescpedal="" accchan="2" validaccstop="127;128;31;40;132;37;42;139;56;63;59;65;166;176;205;208;210;207;216;251;268" percchan="" validpercstop="" swellsoundfont="corg_w111m902.sf2" greatsoundfont="corg_w111m902.sf2" accsoundfont="corg_w111m902.sf2" pedsoundfont="corg_w111m902.sf2" sysexmfr="" reverb="1" swellbank="0" greatbank="0" accbank="0" pedbank="0" audiogain="0.3" aTouchOn="0"/>
    <FS1 swell0="127 zHorn 8;0;0;127" great0="113 zHorn 16;0;-12;114" acc0="127 zHorn 8;0;0;127" ped0="115 zHorn 16;0;-12;115"/>
    <FS2 swell0="162 qGlock;103;0;162" great0="139 zVox 8;39;0;139" acc0="166 qChrysoglot;108;0;166" ped0="202 qBass Drum;P;36;202"/>
    <FS3 swell0="128 zTuba 8;6;0;128" great0="115 zTuba 16;6;-12;115" acc0="128 zTuba 8;6;0;128" ped0="9 qDiapason 16;10;-12;9"/>
    <FS4 swell0="163 qXylophone;105;0;163" great0="53 qFifth 5 1/3;44;+7" acc0="205 qSnare Drum;P;38;205" ped0="203 qCymbal;P;53;203"/>
    <FS5 swell0="31 qDiapason 8;10;0;31" great0="9 qDiapason 16;10;-12;9" acc0="31 qDiapason 8;10;0;31" ped0="12 qTibia 16;18;-12;12"/>
    <FS6 swell0="" great0="56 qOctave 4;10;+12;56" acc0="208 qCastanets;P;85;208" ped0=""/>
    <FS7 swell0="40 qTibia 8;18;0;40" great0="13 qTibia 16;18;-12;12" acc0="40 qTibia 8;18;0;40" ped0="128 zTuba 8;6;0;128"/>
    <FS8 swell0="" great0="64 qPiccolo 4;44;+12;63" acc0="210 qWood Block;P;76;210" ped0=""/>
    <FS9 swell0="132 zClarinet 8;32;0;132" great0="118 zClarinet 16;32;-12;118" acc0="132 zClarinet 8;32;0;132" ped0="31 qDiapason 8;10;0;31"/>
    <FS10 swell0="" great0="" acc0="" ped0=""/>
    <FS11 swell0="135 zOboe 8;33;0;133" great0="120 zOboe 16;33;-12;118" acc0="37 yViolin 8;25;0;37" ped0="40 qTibia 8;18;0;40"/>
    <FS12 swell0="" great0="59 yViolin 4;25;+12;59" acc0="207 qTambourine;P;54;207" ped0=""/>
    <FS13 swell0="37 yViolin 8;25;0;34" great0="17 yViolin 16;25;-12;35" acc0="42 qFlute 8;46;0;43" ped0="132 zClarinet 8;32;0;144"/>
    <FS14 swell0="" great0="65 qFlute 4;44;+12;63" acc0="216 qBrush;P;53" ped0=""/>
    <FS15 swell0="138 zVox 8;39;0;139" great0="121 zVox 16;39;-12;139" acc0="139 zVox 8;39;0;139" ped0="42 qFlute 8;46;0;43"/>
    <FS16 swell0="" great0="77 qTwelfth 2 2/3;44;+19;76" acc0="" ped0=""/>
    <FS17 swell0="64 qPiccolo 4;44;+12;63" great0="127 zHorn 8;0;0;127" acc0="56 qOctave 4;10;+12;56" ped0=""/>
    <FS18 swell0="" great0="84 qPiccolo 2;44;+24;84" acc0="" ped0=""/>
    <FS19 swell0="76 q12th 2 2/3;44;+19;76" great0="128 zTuba 8;6;0;128" acc0="63 qPiccolo 4;44;+12;63" ped0=""/>
    <FS20 swell0="" great0="91 qTierce 1 3/5;44;+28;91" acc0="" ped0=""/>
    <FS21 swell0="84 qPiccolo 2;44;+24;84" great0="31 qDiapason 8;10;0;31" acc0="59 yViolin 4;25;+12;37" ped0=""/>
    <FS22 swell0="" great0="98 qFlute 1;44;+36;84" acc0="" ped0=""/>
    <FS23 swell0="" great0="41 qTibia 8;18;0;41" acc0="65 qFlute 4;46;+12;63" ped0="270 Swell Oct;266"/>
    <FS24 swell0="" great0="162 qGlock;103;0;162" acc0="" ped0="269 Swell Sub;265"/>
    <FS25 swell0="" great0="132 zClarinet 8;32;0;132" acc0="" ped0="271 Swl Uni Of;271"/>
    <FS26 swell0="" great0="163 qXylophone;105;0;163" acc0="" ped0="251 Swell to Gr;247"/>
    <FS27 swell0="" great0="135 zOboe 8;33;0;133" acc0="" ped0="266 Great Oct;268"/>
    <FS28 swell0="" great0="" acc0="" ped0="251 Swell to Acc;247"/>
    <FS29 swell0="" great0="37 yViolin 8;25;0;37" acc0="" ped0="268 Acc Oct;270"/>
    <FS30 swell0="" great0="" acc0="" ped0="251 Swell to Ped;247"/>
    <FS31 swell0="" great0="42 qFlute 8;46;0;43" acc0="" ped0="247 Grt to Ped;248"/>
    <FS32 swell0="176 Trem;123;0;500" great0="176 Trem;123;0;500" acc0="176 Trem;123;0;500" ped0="248 Acc to Ped;250"/>
    <playorgan0 song0=""/>
    <PP swell0="" great0="" acc0="" ped0=""/>
    <P swell0="" great0="" acc0="" ped0=""/>
    <MF swell0="" great0="" acc0="" ped0=""/>
    <F swell0="" great0="" acc0="" ped0=""/>
    <FF swell0="" great0="" acc0="" ped0=""/>
    <P1 swell0="" great0="" acc0="" ped0=""/>
    <P2 swell0="" great0="" acc0="" ped0=""/>
    <P3 swell0="" great0="" acc0="" ped0=""/>
    <P4 swell0="" great0="" acc0="" ped0=""/>
    <P5 swell0="" great0="" acc0="" ped0=""/>
</eplayOrganSettings>
