<eplayOrganSettings>
    <organSelector version="3.1" numberoforgans="1" organselected="0" midioutput="None" midifileport="None" stopsport="None" pedport="None" accport="None" greatport="None" swellport="None" windowheight="760" windowwidth="900" windowy="190" windowx="190" immediatestart="0" audiodriver="dsound" audio1="default" audio2="default" audio3="default" audio4="default" translateinput="0" translateoutput="0"/>
    <organ0 organname="Allen Protege AP3V2-1" swellchan="1" validswellstop="34;35;40;56;63;76;84;91;100;114;128;176" greatchan="2" validgreatstop="31;40;43;56;63;80;100;132;176" pedchan="3" validpedstop="12;15;31;40;56;114;128;243;247;248" stopchan="" stopcode="nrpn" stopopen0="127" stopclose0="0" stopopen1="" stopclose1="" mastercancel="199;127" swellpedal="176;7;177;7" accchan="" validaccstop="" percchan="" validpercstop="" swellsoundfont="eplayUniversalOrgan.sf2" greatsoundfont="eplayUniversalOrgan.sf2" accsoundfont="" pedsoundfont="eplayUniversalOrgan.sf2" sysexmfr="" reverb="0" swellbank="1" greatbank="1" accbank="0" pedbank="1" audiogain="0.3" trem="120" aTouchOn="0" defaultswellstop="" defaultgreatstop="" defaultaccstop="" defaultpedstop=""/>
    <FS1 swell0="40 qGedaktZZ8;18;0;40" great0="31 qDiapasonZZ8;31;0;31" acc0="" ped0="12 qBourdonZZ16;55;0;12"/>
    <FS2 swell0="" great0="" acc0="" ped0=""/>
    <FS3 swell0="34 qViolaZZ8;19;0;34" great0="40 qTibia FlZZ8;18;0;40" acc0="" ped0="15 qGedaktZZ16;55;0;15"/>
    <FS4 swell0="" great0="" acc0="" ped0=""/>
    <FS5 swell0="35 yCelesteZZ8;20;0;35" great0="43 qFluteZZ8;32;0;43" acc0="" ped0="31 qOctaveZZ8;31;0;31"/>
    <FS6 swell0="" great0="" acc0="" ped0=""/>
    <FS7 swell0="56 qPrincipalZZ4;5;0;56" great0="56 qOctaveZZ4;5;0;56" acc0="" ped0="40 qFluteZZ8;32;0;43"/>
    <FS8 swell0="" great0="" acc0="" ped0=""/>
    <FS9 swell0="63 qFluteZZ4;36;0;63" great0="63 qFluteZZ4;36;0;63" acc0="" ped0="56 qBassZZ4;5;0;56"/>
    <FS10 swell0="" great0="" acc0="" ped0=""/>
    <FS11 swell0="76 qNazardZZ2 2/3;7;0;76" great0="80 qOctaveZZ2;5;+12;80" acc0="" ped0="114 zPosauneZZ16;11;0;114"/>
    <FS12 swell0="" great0="" acc0="" ped0=""/>
    <FS13 swell0="84 qFluteZZ2;23;0;84" great0="100 qMixtureZZIV;9;0;100" acc0="" ped0="128 zTromboneZZ8;45;0;128"/>
    <FS14 swell0="" great0="" acc0="" ped0=""/>
    <FS15 swell0="91 qTerzZZ1 3/5;32;+28;91" great0="132 zKrumhornZZ8;49;0;132" acc0="" ped0=""/>
    <FS16 swell0="" great0="" acc0="" ped0=""/>
    <FS17 swell0="100 qFournitureZZIV;9;0;100" great0="" acc0="" ped0=""/>
    <FS18 swell0="" great0="" acc0="" ped0=""/>
    <FS19 swell0="114 zBassoon ZZ16;11;0;114" great0="" acc0="" ped0=""/>
    <FS20 swell0="" great0="" acc0="" ped0=""/>
    <FS21 swell0="128 zTrombone ZZ8;46;0;128" great0="" acc0="" ped0=""/>
    <FS22 swell0="" great0="" acc0="" ped0=""/>
    <FS23 swell0="" great0="" acc0="" ped0=""/>
    <FS24 swell0="" great0="" acc0="" ped0=""/>
    <FS25 swell0="" great0="" acc0="" ped0=""/>
    <FS26 swell0="" great0="" acc0="" ped0="247 SwellZZto Gr;247"/>
    <FS27 swell0="" great0="" acc0="" ped0=""/>
    <FS28 swell0="" great0="" acc0="" ped0=""/>
    <FS29 swell0="" great0="" acc0="" ped0=""/>
    <FS30 swell0="" great0="" acc0="" ped0="247 SwellZZto Ped;247"/>
    <FS31 swell0="" great0="" acc0="" ped0="248 GreatZZto Ped;248"/>
    <FS32 swell0="176 Trem;-2;0;176" great0="176 Trem;-2;0;176" acc0="" ped0=""/>
    <playorgan0 song0=""/>
    <PP swell0="" great0="" acc0="" ped0=""/>
    <P swell0="" great0="" acc0="" ped0=""/>
    <MF swell0="" great0="" acc0="" ped0=""/>
    <F swell0="" great0="" acc0="" ped0=""/>
    <FF swell0="" great0="" acc0="" ped0=""/>
    <P1 swell0="" great0="" acc0="" ped0=""/>
    <P2 swell0="" great0="" acc0="" ped0=""/>
    <P3 swell0="" great0="" acc0="" ped0=""/>
    <P4 swell0="" great0="" acc0="" ped0=""/>
    <P5 swell0="" great0="" acc0="" ped0=""/>
    <PP_1 swell0="" great0="" acc0="" ped0=""/>
    <P_1 swell0="" great0="" acc0="" ped0=""/>
    <MF_1 swell0="" great0="" acc0="" ped0=""/>
    <F_1 swell0="" great0="" acc0="" ped0=""/>
    <FF_1 swell0="" great0="" acc0="" ped0=""/>
    <P1_1 swell0="" great0="" acc0="" ped0=""/>
    <P2_1 swell0="" great0="" acc0="" ped0=""/>
    <P3_1 swell0="" great0="" acc0="" ped0=""/>
    <P4_1 swell0="" great0="" acc0="" ped0=""/>
    <P5_1 swell0="" great0="" acc0="" ped0=""/>
    <PP_2 swell0="" great0="" acc0="" ped0=""/>
    <P_2 swell0="" great0="" acc0="" ped0=""/>
    <MF_2 swell0="" great0="" acc0="" ped0=""/>
    <F_2 swell0="" great0="" acc0="" ped0=""/>
    <FF_2 swell0="" great0="" acc0="" ped0=""/>
    <P1_2 swell0="" great0="" acc0="" ped0=""/>
    <P2_2 swell0="" great0="" acc0="" ped0=""/>
    <P3_2 swell0="" great0="" acc0="" ped0=""/>
    <P4_2 swell0="" great0="" acc0="" ped0=""/>
    <P5_2 swell0="" great0="" acc0="" ped0=""/>
    <PP_3 swell0="" great0="" acc0="" ped0=""/>
    <P_3 swell0="" great0="" acc0="" ped0=""/>
    <MF_3 swell0="" great0="" acc0="" ped0=""/>
    <F_3 swell0="" great0="" acc0="" ped0=""/>
    <FF_3 swell0="" great0="" acc0="" ped0=""/>
    <P1_3 swell0="" great0="" acc0="" ped0=""/>
    <P2_3 swell0="" great0="" acc0="" ped0=""/>
    <P3_3 swell0="" great0="" acc0="" ped0=""/>
    <P4_3 swell0="" great0="" acc0="" ped0=""/>
    <P5_3 swell0="" great0="" acc0="" ped0=""/>
</eplayOrganSettings>
