<eplayOrganSettings>
    <organSelector version="3.1" numberoforgans="1" organselected="0" midioutput="None" midifileport="None" stopsport="None" pedport="None" accport="None" greatport="None" swellport="None" windowheight="760" windowwidth="900" windowy="190" windowx="190" immediatestart="0" audiodriver="dsound" audio1="default" audio2="default" audio3="default" audio4="default" translateinput="0" translateoutput="0"/>
    <organ0 organname="HW Crakow St John CantiusV2-1" swellchan="4" validswellstop="2301;2302;2303;2304;2305;2306;2307;2308;2309;2310;2311;2312;1730" greatchan="3" validgreatstop="2201;2202;2203;2204;2205;2206;2207;2208;2209;2210;1720" pedchan="1" validpedstop="2001;2002;2003;2004;2005;2006;1101;1111;1116;1201;1216;1301;1032;1055;1077;1078" stopchan="2;1" stopcode="nrpn" stopopen0="127" stopclose0="0" stopopen1="" stopclose1="" mastercancel="199;127" swellpedal="179;11;183;7" accchan="2" validaccstop="2101;2102;2103;2104;2105;2106;2107;2108;2109;2110;2111;2112" percchan="" validpercstop="" swellsoundfont="eplayUniversalOrgan.sf2" greatsoundfont="eplayUniversalOrgan.sf2" accsoundfont="eplayUniversalOrgan.sf2" pedsoundfont="eplayUniversalOrgan.sf2" sysexmfr="" reverb="0" swellbank="1" greatbank="1" accbank="1" pedbank="1" audiogain="0.3" trem="120" aTouchOn="0" defaultswellstop="" defaultgreatstop="" defaultaccstop="" defaultpedstop=""/>
    <FS1 swell0="2301 qFluteZZ8;32;0;43" great0="2201 qCor de NuitZZ8;3;0;31" acc0="2101 qBourdonZZ16;55;0;15" ped0="2001 qContrabasZZ16;53;0;116"/>
    <FS2 swell0="" great0="" acc0="" ped0=""/>
    <FS3 swell0="2302 qBourdonZZ8;19;0;40" great0="2202 qSalicionalZZ8;19;0;37" acc0="2102 qMontreZZ8;2;0;31" ped0="2002 qSoubasZZ16;52;+12;115"/>
    <FS4 swell0="" great0="" acc0="" ped0=""/>
    <FS5 swell0="2303 qAeolineZZ8;31;0;31" great0="2203 qUnda MarisZZ8;33;0;35" acc0="2103 qFluteZZ8;32;0;43" ped0="2003 qOctaveZZ8;56;0;31"/>
    <FS6 swell0="" great0="" acc0="" ped0=""/>
    <FS7 swell0="2304 qCelesteZZ8;20;0;35" great0="2204 zClarinetZZ8;49;0;132" acc0="2104 qBourdonZZ8;16;+12;40" ped0="2004 qCelloZZ8;42;0;34"/>
    <FS8 swell0="" great0="" acc0="" ped0=""/>
    <FS9 swell0="2305 qFluteZZ4;36;0;63" great0="2205 qPrestantZZ4;6;0;56" acc0="2105 qGambeZZ8;42;0;37" ped0="2005 qFluteZZ4;36;0;56"/>
    <FS10 swell0="" great0="" acc0="" ped0=""/>
    <FS11 swell0="2306 qFuguraZZ4;35;0;56" great0="2206 qDolceZZ4;21;0;63" acc0="2106 qPrestantZZ4;6;0;56" ped0="2006 zBombardZZ16;61;0;116"/>
    <FS12 swell0="" great0="" acc0="" ped0=""/>
    <FS13 swell0="2307 qDoubletZZ2;23;0;84" great0="2207 qNazardZZ2 2/3;7;0;76" acc0="2107 qFluteZZ4;36;0;63" ped0=""/>
    <FS14 swell0="" great0="" acc0="" ped0=""/>
    <FS15 swell0="2308 qAetheraZZIV;10;0;100" great0="2208 qOctaveZZ2;5;+12;84" acc0="2108 qDoubletZZ2;23;0;84" ped0=""/>
    <FS16 swell0="" great0="" acc0="" ped0=""/>
    <FS17 swell0="2309 zBassoonZZ16;25;0;128" great0="2209 qTierceZZ1 3/5;32;+28;91" acc0="2109 qCornetZZV;41;0;100" ped0=""/>
    <FS18 swell0="" great0="" acc0="" ped0=""/>
    <FS19 swell0="2310 zTrumpetZZ8;13;0;131" great0="2210 zCromornZZ8;50;0;127" acc0="2110 qPlein Jeu ;9;0;100" ped0=""/>
    <FS20 swell0="" great0="" acc0="" ped0=""/>
    <FS21 swell0="2311 zHautboisZZ8;62;0;127" great0="" acc0="2111zTrumpetZZ8;13;0;131" ped0=""/>
    <FS22 swell0="" great0="" acc0="" ped0=""/>
    <FS23 swell0="2312 zClarionZZ4;14;0;144" great0="" acc0="2112zClarionZZ4;14;0;132" ped0="1078 mSwellZZOct;266"/>
    <FS24 swell0="" great0="" acc0="" ped0="1077 mSwellZZSub;265"/>
    <FS25 swell0="" great0="" acc0="" ped0=""/>
    <FS26 swell0="" great0="" acc0="" ped0="1216 SwellZZto Grt;247"/>
    <FS27 swell0="" great0="" acc0="" ped0="1055 mGreatZZOct;268"/>
    <FS28 swell0="" great0="" acc0="" ped0="1116 SwellZZto Acc;247"/>
    <FS29 swell0="" great0="" acc0="" ped0="1032 mAccZZOct;270"/>
    <FS30 swell0="" great0="" acc0="" ped0="1301 SwellZZto Ped;247"/>
    <FS31 swell0="1730 Trem;-2;0;176" great0="1720 Trem;-2;0;176" acc0="" ped0="1201 GreatZZto Ped;248"/>
    <FS32 swell0="" great0="" acc0="" ped0="1101 AccZZto Ped;250"/>
    <playorgan0 song0=""/>
    <PP swell0="" great0="" acc0="" ped0=""/>
    <P swell0="" great0="" acc0="" ped0=""/>
    <MF swell0="" great0="" acc0="" ped0=""/>
    <F swell0="" great0="" acc0="" ped0=""/>
    <FF swell0="" great0="" acc0="" ped0=""/>
    <P1 swell0="" great0="" acc0="" ped0=""/>
    <P2 swell0="" great0="" acc0="" ped0=""/>
    <P3 swell0="" great0="" acc0="" ped0=""/>
    <P4 swell0="" great0="" acc0="" ped0=""/>
    <P5 swell0="" great0="" acc0="" ped0=""/>
    <PP_1 swell0="" great0="" acc0="" ped0=""/>
    <P_1 swell0="" great0="" acc0="" ped0=""/>
    <MF_1 swell0="" great0="" acc0="" ped0=""/>
    <F_1 swell0="" great0="" acc0="" ped0=""/>
    <FF_1 swell0="" great0="" acc0="" ped0=""/>
    <P1_1 swell0="" great0="" acc0="" ped0=""/>
    <P2_1 swell0="" great0="" acc0="" ped0=""/>
    <P3_1 swell0="" great0="" acc0="" ped0=""/>
    <P4_1 swell0="" great0="" acc0="" ped0=""/>
    <P5_1 swell0="" great0="" acc0="" ped0=""/>
    <PP_2 swell0="" great0="" acc0="" ped0=""/>
    <P_2 swell0="" great0="" acc0="" ped0=""/>
    <MF_2 swell0="" great0="" acc0="" ped0=""/>
    <F_2 swell0="" great0="" acc0="" ped0=""/>
    <FF_2 swell0="" great0="" acc0="" ped0=""/>
    <P1_2 swell0="" great0="" acc0="" ped0=""/>
    <P2_2 swell0="" great0="" acc0="" ped0=""/>
    <P3_2 swell0="" great0="" acc0="" ped0=""/>
    <P4_2 swell0="" great0="" acc0="" ped0=""/>
    <P5_2 swell0="" great0="" acc0="" ped0=""/>
    <PP_3 swell0="" great0="" acc0="" ped0=""/>
    <P_3 swell0="" great0="" acc0="" ped0=""/>
    <MF_3 swell0="" great0="" acc0="" ped0=""/>
    <F_3 swell0="" great0="" acc0="" ped0=""/>
    <FF_3 swell0="" great0="" acc0="" ped0=""/>
    <P1_3 swell0="" great0="" acc0="" ped0=""/>
    <P2_3 swell0="" great0="" acc0="" ped0=""/>
    <P3_3 swell0="" great0="" acc0="" ped0=""/>
    <P4_3 swell0="" great0="" acc0="" ped0=""/>
    <P5_3 swell0="" great0="" acc0="" ped0=""/>
</eplayOrganSettings>
