<eplayOrganSettings>
    <organSelector version="3.1" numberoforgans="1" organselected="0" midioutput="None" midifileport="None" stopsport="None" pedport="None" accport="None" greatport="None" swellport="None" windowheight="760" windowwidth="900" windowy="190" windowx="190" immediatestart="0" audiodriver="dsound" audio1="default" audio2="default" audio3="default" audio4="default" translateinput="0" translateoutput="0"/>
    <organ0 organname="Aeolian Organ Roll PlayerV2-1" swellchan="1" validswellstop="15;31;34;35;40;41;43;63;100;131;133;139;161;163;176" greatchan="2" validgreatstop="31;35;37;40;41;59;63;84;131;132;157;161;176" pedchan="3" validpedstop="15;17;40;116" stopchan="" stopcode="nrpn" stopopen0="127" stopclose0="0" stopopen1="" stopclose1="" mastercancel="199;127" swellpedal="176;7;177;7" accchan="" validaccstop="" percchan="" validpercstop="" swellsoundfont="eplayUniversalOrgan.sf2" greatsoundfont="eplayUniversalOrgan.sf2" accsoundfont="" pedsoundfont="eplayUniversalOrgan.sf2" sysexmfr="" reverb="0" swellbank="0" greatbank="0" accbank="0" pedbank="0" audiogain="0.3" trem="50" aTouchOn="0" defaultswellstop="" defaultgreatstop="" defaultaccstop="" defaultpedstop=""/>
    <FS1 swell0="15 qBourdonZZ16;44;-12;15" great0="31 qDiapason;10;0;31" acc0="" ped0="15 qBourdonZZF 16;44;-12;15"/>
    <FS2 swell0="131 zTrumpet;1;0;131" great0="131 zTrumpet;1;0;131" acc0="" ped0="116 zBassoonZZ16;117;0;116"/>
    <FS3 swell0="31 qDiapason;10;0;31" great0="40 qFluteZZF;18;0;40" acc0="" ped0="40 qBourdonZZP 16;18;0;40"/>
    <FS4 swell0="133 zOboe;33;0;133" great0="132 zClarinet;32;0;132" acc0="" ped0=""/>
    <FS5 swell0="43 qFluteZZ8;44;0;43" great0="41 qFluteZZP;19;0;41" acc0="" ped0="17 qStringZZ16;25;-12;17"/>
    <FS6 swell0="139 zVox;39;0;139" great0="157 qHarp;110;0;157" acc0="" ped0=""/>
    <FS7 swell0="63 qFluteZZ4;44;+12;63" great0="37 qStringZZF;25;0;37" acc0="" ped0=""/>
    <FS8 swell0="163 qHarp;110;0;163" great0="161 qChimes;113;0;161" acc0="" ped0=""/>
    <FS9 swell0="34 qStringZZF;30;0;34" great0="35 qStringZZP;25;0;35" acc0="" ped0=""/>
    <FS10 swell0="161 qChimes;113;0;161" great0="" acc0="" ped0=""/>
    <FS11 swell0="35 qCeleste;24;0;35" great0="59 qStringZZPP;25;0;59" acc0="" ped0=""/>
    <FS12 swell0="" great0="" acc0="" ped0=""/>
    <FS13 swell0="100 qStringZZMF;30;0;100" great0="63 qFluteZZ4;44;+12;63" acc0="" ped0=""/>
    <FS14 swell0="" great0="" acc0="" ped0=""/>
    <FS15 swell0="40 qStringZZP;30;0;40" great0="84 qPiccoloZZ2;44;+24;84" acc0="" ped0=""/>
    <FS16 swell0="" great0="" acc0="" ped0=""/>
    <FS17 swell0="41 qStringZZPP;30;0;41" great0="" acc0="" ped0=""/>
    <FS18 swell0="" great0="" acc0="" ped0=""/>
    <FS19 swell0="" great0="" acc0="" ped0=""/>
    <FS20 swell0="" great0="" acc0="" ped0=""/>
    <FS21 swell0="" great0="" acc0="" ped0=""/>
    <FS22 swell0="" great0="" acc0="" ped0=""/>
    <FS23 swell0="" great0="" acc0="" ped0=""/>
    <FS24 swell0="" great0="" acc0="" ped0=""/>
    <FS25 swell0="" great0="" acc0="" ped0=""/>
    <FS26 swell0="" great0="" acc0="" ped0=""/>
    <FS27 swell0="" great0="" acc0="" ped0=""/>
    <FS28 swell0="" great0="" acc0="" ped0=""/>
    <FS29 swell0="" great0="" acc0="" ped0=""/>
    <FS30 swell0="" great0="" acc0="" ped0=""/>
    <FS31 swell0="" great0="" acc0="" ped0=""/>
    <FS32 swell0="176 Trem;-2;0;176" great0="176 Trem;-2;0;176" acc0="" ped0=""/>
    <playorgan0 song0=""/>
    <PP swell0="" great0="" acc0="" ped0=""/>
    <P swell0="" great0="" acc0="" ped0=""/>
    <MF swell0="" great0="" acc0="" ped0=""/>
    <F swell0="" great0="" acc0="" ped0=""/>
    <FF swell0="" great0="" acc0="" ped0=""/>
    <P1 swell0="" great0="" acc0="" ped0=""/>
    <P2 swell0="" great0="" acc0="" ped0=""/>
    <P3 swell0="" great0="" acc0="" ped0=""/>
    <P4 swell0="" great0="" acc0="" ped0=""/>
    <P5 swell0="" great0="" acc0="" ped0=""/>
    <PP_1 swell0="" great0="" acc0="" ped0=""/>
    <P_1 swell0="" great0="" acc0="" ped0=""/>
    <MF_1 swell0="" great0="" acc0="" ped0=""/>
    <F_1 swell0="" great0="" acc0="" ped0=""/>
    <FF_1 swell0="" great0="" acc0="" ped0=""/>
    <P1_1 swell0="" great0="" acc0="" ped0=""/>
    <P2_1 swell0="" great0="" acc0="" ped0=""/>
    <P3_1 swell0="" great0="" acc0="" ped0=""/>
    <P4_1 swell0="" great0="" acc0="" ped0=""/>
    <P5_1 swell0="" great0="" acc0="" ped0=""/>
    <PP_2 swell0="" great0="" acc0="" ped0=""/>
    <P_2 swell0="" great0="" acc0="" ped0=""/>
    <MF_2 swell0="" great0="" acc0="" ped0=""/>
    <F_2 swell0="" great0="" acc0="" ped0=""/>
    <FF_2 swell0="" great0="" acc0="" ped0=""/>
    <P1_2 swell0="" great0="" acc0="" ped0=""/>
    <P2_2 swell0="" great0="" acc0="" ped0=""/>
    <P3_2 swell0="" great0="" acc0="" ped0=""/>
    <P4_2 swell0="" great0="" acc0="" ped0=""/>
    <P5_2 swell0="" great0="" acc0="" ped0=""/>
    <PP_3 swell0="" great0="" acc0="" ped0=""/>
    <P_3 swell0="" great0="" acc0="" ped0=""/>
    <MF_3 swell0="" great0="" acc0="" ped0=""/>
    <F_3 swell0="" great0="" acc0="" ped0=""/>
    <FF_3 swell0="" great0="" acc0="" ped0=""/>
    <P1_3 swell0="" great0="" acc0="" ped0=""/>
    <P2_3 swell0="" great0="" acc0="" ped0=""/>
    <P3_3 swell0="" great0="" acc0="" ped0=""/>
    <P4_3 swell0="" great0="" acc0="" ped0=""/>
    <P5_3 swell0="" great0="" acc0="" ped0=""/>
</eplayOrganSettings>
