<eplayOrganSettings>
    <organSelector version="3.1" numberoforgans="1" organselected="0" midioutput="None" midifileport="None" stopsport="None" pedport="None" accport="None" greatport="None" swellport="None" windowheight="760" windowwidth="900" windowy="190" windowx="190" immediatestart="0" audiodriver="dsound" audio1="default" audio2="default" audio3="default" audio4="default" translateinput="0" translateoutput="0"/>
    <organ0 organname="HW Zwolle St Michael(sysex)V1-2" swellchan="4" validswellstop="12049;12050;12051;12052;12053;12054;12055;12057;12058;12059;12060;12061;12063;12062;12064;12065" greatchan="3" validgreatstop="12017;12018;12019;12020;12021;12022;12023;12025;12026;12027;12028;12029;12030;12031;12032" pedchan="1" validpedstop="12034;12035;12036;12037;12038;12039;12041;12042;12043;12044;12045;12046;12047;12040;12080" stopchan="" stopcode="sysex" stopopen0="16" stopclose0="17" stopopen1="" stopclose1="" mastercancel="199;127" swellpedal="183;7;183;7" crescpedal="" accchan="2" validaccstop="12001;12002;12003;12004;12005;12006;12007;12009;12011;12010;12012;12013;12014;12015" percchan="" validpercstop="" swellsoundfont="eorg104a900.sf2" greatsoundfont="eorg104a900.sf2" accsoundfont="eorg104a900.sf2" pedsoundfont="eorg104a900.sf2" sysexmfr="125;57;114" reverb="5" swellbank="0" greatbank="0" accbank="0" pedbank="0" audiogain="0.3" trem="120" aTouchOn="0" defaultswellstop="" defaultgreatstop="" defaultaccstop="" defaultpedstop=""/>
    <FS1 swell0="12058 qPrestant 8;2;0;31" great0="12026 qPrestant 16;0;0;9" acc0="12010 qPrestant 8;2;0;31" ped0="12042 qPrestant 16;0;0;9"/>
    <FS2 swell0="12055 qViola 8;42;0;34" great0="12023 qQuintadena 16;44;-12;12" acc0="12007 qRohrflote 8;18;0;43" ped0="12039 zSubbas 16;52;+12;116"/>
    <FS3 swell0="12054 q Quinta 6;7;0;76" great0="12027 qOctave 8;56;0;41" acc0="12006 qOctave 4;5;0;56" ped0="12043 qOctave 8;56;0;43"/>
    <FS4 swell0="12059 q Holpyp 8;32;0;43" great0="12022 qRohrflote 8;18;0;43" acc0="12011 qQuintadena 8;44;0;40" ped0="12038 qHolpyp 8;32;0;43"/>
    <FS5 swell0="12053  qOctave 4;5;0;56" great0="12021 qOctave 4;4;0;56" acc0="12012 qQuintflote 3;7;0;76" ped0="12044 qOctave 4;5;0;56"/>
    <FS6 swell0="12052 qHolpyp 4;36;0;63" great0="12028 qSpeelflote 4;22;0;63" acc0="12005 qFlute 4;22;0;63" ped0="12037 qVialkflut 2;23;0;40"/>
    <FS7 swell0="12060  qQuinta 3;7;0;76" great0="12030 qOctave 2;23;0;84" acc0="12013 qOctave 2;23;0;84" ped0="12045 qMixture VIII;9;0;100"/>
    <FS8 swell0="12051 qWoudflote 2;23;0;84" great0="12029 qNasat 2 2/3;7;0;76" acc0="12004 qSexquialtera II;10;0;100" ped0="12036 zFagot 32;25;-12;108"/>
    <FS9 swell0="12061 qOctave 2 ;23;0;76" great0="12019 qMixture VI;9;0;100" acc0="12014 qScherp IV;41;0;100" ped0="12046 zBasun 16;25;0;116"/>
    <FS10 swell0="12050 qSiflet 1 1/2;32;+28;91" great0="12020 qRuyschp II;9;0;100" acc0="12003 qCimbel III;10;0;100" ped0="12035 zTrompet 8;13;0;128"/>
    <FS11 swell0="12063 qScherp V;41;0;100" great0="12018 zTrumpet 16;11;0;114" acc0="12015 zFagot 16;25;0;116" ped0="12047 zTrompet 4;13;+12;144"/>
    <FS12 swell0="12062 qTertian II;9;0;100" great0="12031 qCimbel III;10;0;100" acc0="12002 qSchalmey 8;27;0;133" ped0="12034 qCornet 2;47;0;100"/>
    <FS13 swell0="12049 qV di Gamba 8;19;0;34" great0="12032 zTrumpet 8;13;0;131" acc0="" ped0=""/>
    <FS14 swell0="12064 zTrumpet 4;13;+12;144" great0="12017 zVox 8;39;0;139" acc0="" ped0=""/>
    <FS15 swell0="" great0="" acc0="" ped0=""/>
    <FS16 swell0="" great0="" acc0="" ped0=""/>
    <FS17 swell0="" great0="" acc0="" ped0=""/>
    <FS18 swell0="" great0="" acc0="" ped0=""/>
    <FS19 swell0="" great0="" acc0="" ped0=""/>
    <FS20 swell0="" great0="" acc0="" ped0=""/>
    <FS21 swell0="" great0="" acc0="" ped0="12041 Afsluiter;123;0;512"/>
    <FS22 swell0="" great0="" acc0="" ped0=""/>
    <FS23 swell0="" great0="" acc0="" ped0=""/>
    <FS24 swell0="" great0="" acc0="" ped0=""/>
    <FS25 swell0="" great0="" acc0="" ped0=""/>
    <FS26 swell0="" great0="" acc0="" ped0="12080 Swell to Grt;247"/>
    <FS27 swell0="" great0="" acc0="" ped0=""/>
    <FS28 swell0="" great0="" acc0="" ped0=""/>
    <FS29 swell0="" great0="" acc0="" ped0=""/>
    <FS30 swell0="" great0="" acc0="" ped0=""/>
    <FS31 swell0="12057 Afsluiter;123;0;512" great0="12025 Afsluiter;123;0;512" acc0="12009 Afsluiter;123;0;512" ped0="12040 Grt to Ped;248"/>
    <FS32 swell0="12065 Trem;-2;0;176" great0="" acc0="12001 Trem;-2;0;176" ped0=""/>
    <playorgan0 song0=""/>
    <PP swell0="" great0="" acc0="" ped0=""/>
    <P swell0="" great0="" acc0="" ped0=""/>
    <MF swell0="" great0="" acc0="" ped0=""/>
    <F swell0="" great0="" acc0="" ped0=""/>
    <FF swell0="" great0="" acc0="" ped0=""/>
    <P1 swell0="" great0="" acc0="" ped0=""/>
    <P2 swell0="" great0="" acc0="" ped0=""/>
    <P3 swell0="" great0="" acc0="" ped0=""/>
    <P4 swell0="" great0="" acc0="" ped0=""/>
    <P5 swell0="" great0="" acc0="" ped0=""/>
    <PP_1 swell0="" great0="" acc0="" ped0=""/>
    <P_1 swell0="" great0="" acc0="" ped0=""/>
    <MF_1 swell0="" great0="" acc0="" ped0=""/>
    <F_1 swell0="" great0="" acc0="" ped0=""/>
    <FF_1 swell0="" great0="" acc0="" ped0=""/>
    <P1_1 swell0="" great0="" acc0="" ped0=""/>
    <P2_1 swell0="" great0="" acc0="" ped0=""/>
    <P3_1 swell0="" great0="" acc0="" ped0=""/>
    <P4_1 swell0="" great0="" acc0="" ped0=""/>
    <P5_1 swell0="" great0="" acc0="" ped0=""/>
    <PP_2 swell0="" great0="" acc0="" ped0=""/>
    <P_2 swell0="" great0="" acc0="" ped0=""/>
    <MF_2 swell0="" great0="" acc0="" ped0=""/>
    <F_2 swell0="" great0="" acc0="" ped0=""/>
    <FF_2 swell0="" great0="" acc0="" ped0=""/>
    <P1_2 swell0="" great0="" acc0="" ped0=""/>
    <P2_2 swell0="" great0="" acc0="" ped0=""/>
    <P3_2 swell0="" great0="" acc0="" ped0=""/>
    <P4_2 swell0="" great0="" acc0="" ped0=""/>
    <P5_2 swell0="" great0="" acc0="" ped0=""/>
    <PP_3 swell0="" great0="" acc0="" ped0=""/>
    <P_3 swell0="" great0="" acc0="" ped0=""/>
    <MF_3 swell0="" great0="" acc0="" ped0=""/>
    <F_3 swell0="" great0="" acc0="" ped0=""/>
    <FF_3 swell0="" great0="" acc0="" ped0=""/>
    <P1_3 swell0="" great0="" acc0="" ped0=""/>
    <P2_3 swell0="" great0="" acc0="" ped0=""/>
    <P3_3 swell0="" great0="" acc0="" ped0=""/>
    <P4_3 swell0="" great0="" acc0="" ped0=""/>
    <P5_3 swell0="" great0="" acc0="" ped0=""/>
</eplayOrganSettings>
