<eplayOrganSettings>
    <organSelector version="3.0" numberoforgans="1" organselected="0" midioutput="None" midifileport="None" stopsport="None" pedport="None" accport="None" greatport="None" swellport="None" windowheight="760" windowwidth="900" windowy="190" windowx="190" immediatestart="0" audiodriver="dsound" audio1="default" audio2="default" audio3="default" audio4="default" translateinput="0" translateoutput="0"/>
    <organ0 organname="Miditzer 150 Theatre Organ" swellchan="1" validswellstop="1;2;3;4;5;6;7;8;9;10;11;12;13;14;15;16;17;18;19;61" greatchan="2" validgreatstop="20;21;22;23;24;25;26;27;28;29;30;31;32;33;34;35;36;37;38;39;40;62" pedchan="3" validpedstop="41;42;43;44;45;46;47;48;49;50;51;52;53;54;55;56;57;58;59;60" stopchan="16" stopcode="cc" stopopen0="81" stopclose0="80" stopopen1="" stopclose1="" mastercancel="207;124" swellpedal="191;11;191;11" crescpedal="" accchan="12" validaccstop="38;39;40" percchan="" validpercstop="" swellsoundfont="corg_w111m902.sf2" greatsoundfont="corg_w111m902.sf2" accsoundfont="corg_w111m902.sf2" pedsoundfont="corg_w111m902.sf2" sysxmfr="" reverb="1" swellbank="0" greatbank="0" accbank="0" pedbank="0" audiogain="0.3" aTouchOn="1"/>
    <FS1 swell0="0 qTibia 16;18;-12" great0="20 qViol 16;25;-12;17" acc0="38 zTrumpet 8;1;0;131" ped0="41 qBour 16;44;-12;15"/>
    <FS2 swell0="8 qPicc 4;44;+12;63" great0="28 qPicc 4;44;+12;63" acc0="39 qChime;113;0;161" ped0="57 qBass Drum;P;36;202"/>
    <FS3 swell0="1 qViol 16;25;-12;17" great0="21 qBourdon 16;44;-12;15" acc0="" ped0="42 zTrumpet 8;1;0;131"/>
    <FS4 swell0="9 qSal 4;23;+12;59" great0="29 qSal 4;23;+12;59" acc0="40 qTriangle;P;81;208" ped0="58 qKettle Drum;P;36;205"/>
    <FS5 swell0="2 qBour 16;44;-12;15" great0="22 zVox 16;39;-12;121" acc0="" ped0="43 qTibia 8;18;0;40"/>
    <FS6 swell0="10 qFlute 4;44;+12;56" great0="30 qFlute 4;44;+12;56" acc0="" ped0="59 qCrash Cym;P;49"/>
    <FS7 swell0="3 zTrumpet 8;1;0;131" great0="23 zTrumpet 8;1;0;131" acc0="" ped0="44 qCello 8;25;0;34"/>
    <FS8 swell0="11 qTibia 2 2/3;18;+19;41" great0="31 zVox 4;39;+12;139" acc0="" ped0="60 qCymbals;P;51;203"/>
    <FS9 swell0="4 qTibia 8;18;0;40" great0="24 qTibia 8;18;0;40" acc0="" ped0="45 qFlute 8;44;0;43"/>
    <FS10 swell0="12 q12th 2 2/3;44;+19;76" great0="32 qSnare Drm;P;38;205" acc0="" ped0=""/>
    <FS11 swell0="5 qSal 8;23;0;34" great0="25 qSal 8;23;0;37" acc0="" ped0=""/>
    <FS12 swell0="13 qTibia  2;18;+24;41" great0="33 qTambn;P;54;207" acc0="" ped0=""/>
    <FS13 swell0="6 qFlute 8;44;0;43" great0="26 qFlute 8;44;0;43" acc0="" ped0=""/>
    <FS14 swell0="14 qPicc 2;44;+24;84" great0="34 qCastanets;P;85;208" acc0="" ped0=""/>
    <FS15 swell0="7 zVox 8;39;0;139" great0="27 zVox 8;39;0;163" acc0="" ped0=""/>
    <FS16 swell0="15 qChime;111;+12;161" great0="35 qWood Block;P;76;210" acc0="" ped0=""/>
    <FS17 swell0="" great0="" acc0="" ped0=""/>
    <FS18 swell0="16 qXylo;105;0;163" great0="36 qTom Tom;P;50;209" acc0="" ped0=""/>
    <FS19 swell0="" great0="" acc0="" ped0=""/>
    <FS20 swell0="17 qGlock;103;0;162" great0="37 qSleigh Bells;P;83;167" acc0="" ped0=""/>
    <FS21 swell0="" great0="" acc0="" ped0=""/>
    <FS22 swell0="" great0="" acc0="" ped0=""/>
    <FS23 swell0="" great0="" acc0="" ped0=""/>
    <FS24 swell0="" great0="" acc0="" ped0=""/>
    <FS25 swell0="" great0="" acc0="" ped0=""/>
    <FS26 swell0="" great0="" acc0="" ped0=""/>
    <FS27 swell0="" great0="" acc0="" ped0=""/>
    <FS28 swell0="" great0="" acc0="" ped0=""/>
    <FS29 swell0="" great0="" acc0="" ped0=""/>
    <FS30 swell0="" great0="" acc0="" ped0=""/>
    <FS31 swell0="" great0="" acc0="" ped0=""/>
    <FS32 swell0="61 Trem Gen;123;0;500" great0="62 Trem Vox;123;0;500" acc0="" ped0=""/>
    <playorgan0 song0=""/>
    <PP swell0="8;4;7;61;" great0="30;26;" acc0="" ped0=""/>
    <P swell0="8;4;5;13;7;61;" great0="28;30;23;31;24;26;27;" acc0="" ped0=""/>
    <MF swell0="1;9;5;7;61;" great0="28;30;31;24;" acc0="" ped0=""/>
    <F swell0="2;3;6;61;" great0="29;25;" acc0="" ped0=""/>
    <FF swell0="8;2;4;5;6;7;61;" great0="31;25;26;27;" acc0="" ped0=""/>
    <P1 swell0="8;61;" great0="25;" acc0="" ped0=""/>
    <P2 swell0="9;5;61;" great0="28;24;" acc0="" ped0=""/>
    <P3 swell0="10;3;12;6;14;61;" great0="28;30;23;24;26;27;" acc0="" ped0=""/>
    <P4 swell0="13;7;17;61;" great0="26;" acc0="" ped0=""/>
    <P5 swell0="9;10;3;6;14;7;" great0="29;30;25;" acc0="" ped0=""/>
</eplayOrganSettings>
