<eplayOrganSettings>
    <organSelector version="3.1" numberoforgans="1" organselected="0" midioutput="None" midifileport="None" stopsport="None" pedport="None" accport="None" greatport="None" swellport="None" windowheight="760" windowwidth="900" windowy="190" windowx="190" immediatestart="0" audiodriver="dsound" audio1="default" audio2="default" audio3="default" audio4="default" translateinput="0" translateoutput="0"/>
    <organ0 organname="HW Zwolle St Michael(nrpn)V2-1" swellchan="4" validswellstop="2301;2302;2303;2304;2305;2306;2307;2308;2309;2310;2311;2312;2313;2314;2315;2414" greatchan="3" validgreatstop="2201;2202;2203;2204;2205;2206;2207;2208;2209;2210;2211;2212;2213;2214;2215" pedchan="1" validpedstop="2001;2002;2003;2004;2005;2006;2007;2008;2009;2010;2011;2012;2013;2014;1011;1216" stopchan="2" stopcode="nrpn" stopopen0="127" stopclose0="0" stopopen1="" stopclose1="" mastercancel="199;127" swellpedal="183;7;183;7" accchan="2" validaccstop="2101;2102;2103;2104;2105;2106;2107;2108;2109;2110;2111;2112;2113;2114;2115;" percchan="" validpercstop="" swellsoundfont="eplayUniversalOrgan.sf2" greatsoundfont="eplayUniversalOrgan.sf2" accsoundfont="eplayUniversalOrgan.sf2" pedsoundfont="eplayUniversalOrgan.sf2" sysexmfr="" reverb="0" swellbank="1" greatbank="1" accbank="1" pedbank="1" audiogain="0.3" trem="120" aTouchOn="0" defaultswellstop="" defaultgreatstop="" defaultaccstop="" defaultpedstop=""/>
    <FS1 swell0="2305 qPrestantZZ8;2;0;31" great0="2207 qPrestantZZ16;0;0;9" acc0="2107 qPrestantZZ8;2;0;31" ped0="2008 qPrestantZZ16;0;0;9"/>
    <FS2 swell0="2313 qViolaZZ8;42;0;34" great0="2208 qQuintadenaZZ16;44;-12;12" acc0="2110 qRohrfloteZZ8;18;0;43" ped0="2009 zSubbasZZ16;52;+12;116"/>
    <FS3 swell0="2307 q QuintaZZ6;7;0;76" great0="2206 qOctaveZZ8;56;0;41" acc0="2106 qOctaveZZ4;5;0;56" ped0="2007 qOctaveZZ8;56;0;43"/>
    <FS4 swell0="2303 q HolpypZZ8;32;0;43" great0="2209 qRohrfloteZZ8;18;0;43" acc0="2108 qQuintadenaZZ8;44;0;40" ped0="2005 qHolpypZZ8;32;0;43"/>
    <FS5 swell0="2304 qOctaveZZ4;5;0;56" great0="2205 qOctaveZZ4;4;0;56" acc0="2109 qQuintfloteZZ3;7;0;76" ped0="2010 qOctaveZZ4;5;0;56"/>
    <FS6 swell0="2302 qHolpypZZ4;36;0;63" great0="2211 qSpeelfloteZZ4;22;0;63" acc0="2105 qFluteZZ4;22;0;63" ped0="2013 qVialkflutZZ2;23;0;40"/>
    <FS7 swell0="2306 qQuintaZZ3;7;0;76" great0="2212 qOctaveZZ2;23;0;84" acc0="2114 qOctaveZZ2;23;0;84" ped0="2006 qMixtureZZVIII;9;0;100"/>
    <FS8 swell0="2315 qWoudfloteZZ2;23;0;84" great0="2204 qNasatZZ2 2/3;7;0;76" acc0="2111 qSexquialteraZZII;10;0;100" ped0="2004 zFagotZZ32;25;-12;108"/>
    <FS9 swell0="2310 qOctaveZZ2 ;23;0;76" great0="2203 qMixtureZZVI;9;0;100" acc0="2113 qScherpZZIV;41;0;100" ped0="2002 zBasunZZ16;25;0;116"/>
    <FS10 swell0="2309 qSifletZZ1 1/2;32;+28;91" great0="2210 qRuyschpZZII;9;0;100" acc0="2103 qCimbelZZIII;10;0;100" ped0="2012 zTrompetZZ8;13;0;128"/>
    <FS11 swell0="2308 qScherpZZV;41;0;100" great0="2213 zTrumpetZZ16;11;0;114" acc0="2104 zFagotZZ16;25;0;116" ped0="2011 zTrompetZZ4;13;+12;144"/>
    <FS12 swell0="2311 qTertianZZII;9;0;100" great0="2202 qCimbelZZIII;10;0;100" acc0="2112 qSchalmeyZZ8;27;0;133" ped0="2003 qCornetZZ2;47;0;100"/>
    <FS13 swell0="2314 qV di GambaZZ8;19;0;34" great0="2214 zTrumpetZZ8;13;0;131" acc0="" ped0=""/>
    <FS14 swell0="2312 zTrumpetZZ4;13;+12;144" great0="2215 zVoxZZ8;39;0;139" acc0="" ped0=""/>
    <FS15 swell0="" great0="" acc0="" ped0=""/>
    <FS16 swell0="" great0="" acc0="" ped0=""/>
    <FS17 swell0="" great0="" acc0="" ped0=""/>
    <FS18 swell0="" great0="" acc0="" ped0=""/>
    <FS19 swell0="" great0="" acc0="" ped0=""/>
    <FS20 swell0="" great0="" acc0="" ped0=""/>
    <FS21 swell0="" great0="" acc0="" ped0="2001 Afsluiter;123;0;512"/>
    <FS22 swell0="" great0="" acc0="" ped0=""/>
    <FS23 swell0="" great0="" acc0="" ped0=""/>
    <FS24 swell0="" great0="" acc0="" ped0=""/>
    <FS25 swell0="" great0="" acc0="" ped0=""/>
    <FS26 swell0="" great0="" acc0="" ped0="1216 SwellZZto Grt;247"/>
    <FS27 swell0="" great0="" acc0="" ped0=""/>
    <FS28 swell0="" great0="" acc0="" ped0=""/>
    <FS29 swell0="" great0="" acc0="" ped0=""/>
    <FS30 swell0="" great0="" acc0="" ped0=""/>
    <FS31 swell0="2301 Afsluiter;123;0;512" great0="2201 Afsluiter;123;0;512" acc0="2101 Afsluiter;123;0;512" ped0="1011 GreatZZto Ped;248"/>
    <FS32 swell0="2414 Trem;-2;0;176" great0="" acc0="2115 Trem;-2;0;176" ped0=""/>
    <playorgan0 song0=""/>
    <PP swell0="" great0="" acc0="" ped0=""/>
    <P swell0="" great0="" acc0="" ped0=""/>
    <MF swell0="" great0="" acc0="" ped0=""/>
    <F swell0="" great0="" acc0="" ped0=""/>
    <FF swell0="" great0="" acc0="" ped0=""/>
    <P1 swell0="" great0="" acc0="" ped0=""/>
    <P2 swell0="" great0="" acc0="" ped0=""/>
    <P3 swell0="" great0="" acc0="" ped0=""/>
    <P4 swell0="" great0="" acc0="" ped0=""/>
    <P5 swell0="" great0="" acc0="" ped0=""/>
    <PP_1 swell0="" great0="" acc0="" ped0=""/>
    <P_1 swell0="" great0="" acc0="" ped0=""/>
    <MF_1 swell0="" great0="" acc0="" ped0=""/>
    <F_1 swell0="" great0="" acc0="" ped0=""/>
    <FF_1 swell0="" great0="" acc0="" ped0=""/>
    <P1_1 swell0="" great0="" acc0="" ped0=""/>
    <P2_1 swell0="" great0="" acc0="" ped0=""/>
    <P3_1 swell0="" great0="" acc0="" ped0=""/>
    <P4_1 swell0="" great0="" acc0="" ped0=""/>
    <P5_1 swell0="" great0="" acc0="" ped0=""/>
    <PP_2 swell0="" great0="" acc0="" ped0=""/>
    <P_2 swell0="" great0="" acc0="" ped0=""/>
    <MF_2 swell0="" great0="" acc0="" ped0=""/>
    <F_2 swell0="" great0="" acc0="" ped0=""/>
    <FF_2 swell0="" great0="" acc0="" ped0=""/>
    <P1_2 swell0="" great0="" acc0="" ped0=""/>
    <P2_2 swell0="" great0="" acc0="" ped0=""/>
    <P3_2 swell0="" great0="" acc0="" ped0=""/>
    <P4_2 swell0="" great0="" acc0="" ped0=""/>
    <P5_2 swell0="" great0="" acc0="" ped0=""/>
    <PP_3 swell0="" great0="" acc0="" ped0=""/>
    <P_3 swell0="" great0="" acc0="" ped0=""/>
    <MF_3 swell0="" great0="" acc0="" ped0=""/>
    <F_3 swell0="" great0="" acc0="" ped0=""/>
    <FF_3 swell0="" great0="" acc0="" ped0=""/>
    <P1_3 swell0="" great0="" acc0="" ped0=""/>
    <P2_3 swell0="" great0="" acc0="" ped0=""/>
    <P3_3 swell0="" great0="" acc0="" ped0=""/>
    <P4_3 swell0="" great0="" acc0="" ped0=""/>
    <P5_3 swell0="" great0="" acc0="" ped0=""/>
</eplayOrganSettings>
