<eplayOrganSettings>
    <organSelector version="3.1" numberoforgans="1" organselected="0" midioutput="None" midifileport="None" stopsport="None" pedport="None" accport="None" greatport="None" swellport="None" windowheight="760" windowwidth="900" windowy="190" windowx="190" immediatestart="0" audiodriver="dsound" audio1="default" audio2="default" audio3="default" audio4="default" translateinput="0" translateoutput="0"/>
    <organ0 organname="HW Casavant 3742 BellevueV2-1" swellchan="4" validswellstop="2301;2302;2303;2304;2305;2307;2308;2309;2310;2311;2312;2313;2314;2315;2316;2317;2318;2319;2320" greatchan="3" validgreatstop="2101;2102;2103;2104;2105;2106;2107;2108;2110;2111;2112;2113;2114;2115;2116;2117" pedchan="1" validpedstop="2001;2002;2003;2004;2005;2006;2007;2008;2009;2010;2011;2012;2013;2014;2015;2016;2017;2018;2019;2020;2022;2023;2024;1006;1011;1016;1032;1055;1077;1078;1116;1216;2306" stopchan="2;1" stopcode="nrpn" stopopen0="127" stopclose0="" stopopen1="" stopclose1="" mastercancel="199;127" swellpedal="183;7;183;7" accchan="2" validaccstop="2201;2202;2203;2204;2205;2206;2207;2208;2209;2210;2211;2212;2213;2214;2216;2217;2218" percchan="" validpercstop="" swellsoundfont="eplayUniversalOrgan.sf2" greatsoundfont="eplayUniversalOrgan.sf2" accsoundfont="eplayUniversalOrgan.sf2" pedsoundfont="eplayUniversalOrgan.sf2" sysexmfr="" reverb="0" swellbank="1" greatbank="1" accbank="1" pedbank="1" audiogain="0.3" trem="120" aTouchOn="0" defaultswellstop="" defaultgreatstop="" defaultaccstop="" defaultpedstop=""/>
    <FS1 swell0="2315 qBourdonZZ16;55;0;15" great0="2117 qViolinZZ16;30;0;12" acc0="2218 qPrincipalZZ8;2;0;31" ped0="2010 qSubbasZZ32;52;0;9"/>
    <FS2 swell0="" great0="2113 zChimes;113;0;161" acc0="" ped0="2024 qBourdonZZ32;55;-12;2"/>
    <FS3 swell0="2305 qDiapasonZZ8;3;0;31" great0="2112 qMontreZZ8;2;0;31" acc0="2204 qBourdonZZ8;55;+12;41" ped0="2005 qMontreZZ16;53;0;9"/>
    <FS4 swell0="2314 qFluteZZ8;32;0;43" great0="2104 qFluteZZ8;32;0;43" acc0="2214 zVoxZZ8;39;0;139" ped0="2015 qBassZZ16;55;0;15"/>
    <FS5 swell0="2310 qViolZZ8;42;0;34" great0="2108 qViolinZZ8;42;0;37" acc0="2209 qFluteZZ8;32;0;43" ped0="2009 qViolinZZ16;30;0;17"/>
    <FS6 swell0="2320 qCelesteZZ8;20;0;35" great0="2107 qH FluteZZ8;18;0;43" acc0="2205 qCelesteZZ8;20;0;40" ped0="2019 qSubbasZZ16;52;+12;115"/>
    <FS7 swell0="2304 qOctaveZZ4;5;0;56" great0="2116 qPrestantZZ4;31;+12;56" acc0="2213 qPrincipalZZ4;35;0;56" ped0="2023 qBourdonZZ16;55;0;15"/>
    <FS8 swell0="2309 qFluteZZ4;36;0;63" great0="2103 qFluteZZ4;36;0;63" acc0="2208 qFluteZZ4;36;0;63" ped0="2004 qOctaveZZ8;56;0;40"/>
    <FS9 swell0="2313 qNazardZZ2;7;0;76" great0="2115 qDoubletZZ2;23;0;84" acc0="2217 qDoubletZZ2;23;0;84" ped0="2018 qC FluteZZ8;57;0;43"/>
    <FS10 swell0="2319 qNazardZZ2 2/3;7;0;76" great0="2111 qQuintZZ2 2/3;7;0;76" acc0="2203 qLarigotZZ1 1/3;32;+31;95" ped0="2014 qFluteZZ8;57;0;43"/>
    <FS11 swell0="2308 qPiccoloZZ1;23;+12;84" great0="2106 qMixtureZZIV;9;0;100" acc0="2216 qCymbaleZZIV;10;0;100" ped0="2008 qOctaveZZ4;5;0;56"/>
    <FS12 swell0="2318 qTierceZZ1 3/5;32;+28;91" great0="2102 qCornetZZIII;41;0;100" acc0="2212 qAlteraZZII;9;0;100" ped0="2022 qFluteZZ4;22;0;56"/>
    <FS13 swell0="2303 qPlein JeuZZV;10;0;100" great0="2110 zBombardZZ16;55;0;118" acc0="2207 qDoucaineZZ16;30;0;17" ped0="2003 qMixtureZZV;9;0;100"/>
    <FS14 swell0="" great0="" acc0="2210 zBombardZZ16;55;0;118" ped0="2013 qTheorbeZZIII;9;0;100"/>
    <FS15 swell0="2312 zBassonZZ16;25;0;118" great0="2114 zTrumpetZZ8;13;0;131" acc0="2202 zCromorneZZ8;50;0;127" ped0="2007 zTromboneZZ32;60;0;108"/>
    <FS16 swell0="2316 zE TrumpetZZ8;13;0;131" great0="2101 zE TrumpetZZ8;13;0;131" acc0="2206 zE TrumpetZZ8;13;0;131" ped0="2012 zBombardZZ16;55;0;116"/>
    <FS17 swell0="2317 zTrumpetZZ8;13;0;131" great0="2105 zClarionZZ4;14;0;144" acc0="" ped0="2002 zTromboneZZ16;61;0;114"/>
    <FS18 swell0="2302 zHautboisZZ8;25;+12;128" great0="" acc0="2201 zE ClarionZZ4;14;0;144" ped0="2017 zDoucauneZZ16;61;0;114"/>
    <FS19 swell0="2311 zClarionZZ4;14;0;144" great0="" acc0="" ped0="2006 zTrumpetZZ8;13;0;131"/>
    <FS20 swell0="2307 zVoxZZ8;39;0;139" great0="" acc0="" ped0="2016 zE TrumpetZZ8;13;0;131"/>
    <FS21 swell0="" great0="" acc0="" ped0="2001 zClarionZZ4;14;0;144"/>
    <FS22 swell0="" great0="" acc0="" ped0="2011 zE ClarionZZ4;14;0;144"/>
    <FS23 swell0="" great0="" acc0="" ped0="1078 mSwellZZOct;266"/>
    <FS24 swell0="" great0="" acc0="" ped0="1077 mSwellZZSub;265"/>
    <FS25 swell0="" great0="" acc0="" ped0="2306 SwellZZUni Off;271"/>
    <FS26 swell0="" great0="" acc0="" ped0="1116 SwellZZto Gr;247"/>
    <FS27 swell0="" great0="" acc0="" ped0="1055 mGreatZZOct;268"/>
    <FS28 swell0="" great0="" acc0="" ped0="1216 SwellZZto Acc;247"/>
    <FS29 swell0="" great0="" acc0="" ped0="1032 mAccZZOct;270"/>
    <FS30 swell0="" great0="" acc0="" ped0="1016 SwellZZto Ped;247"/>
    <FS31 swell0="" great0="" acc0="" ped0="1006 GreatZZto Ped;248"/>
    <FS32 swell0="2301 Trem;-2;0;176" great0="" acc0="2211 Trem;-2;0;176" ped0="1011 AccZZto Ped;250"/>
    <playorgan0 song0=""/>
    <PP swell0="" great0="" acc0="" ped0=""/>
    <P swell0="" great0="" acc0="" ped0=""/>
    <MF swell0="" great0="" acc0="" ped0=""/>
    <F swell0="" great0="" acc0="" ped0=""/>
    <FF swell0="" great0="" acc0="" ped0=""/>
    <P1 swell0="" great0="" acc0="" ped0=""/>
    <P2 swell0="" great0="" acc0="" ped0=""/>
    <P3 swell0="" great0="" acc0="" ped0=""/>
    <P4 swell0="" great0="" acc0="" ped0=""/>
    <P5 swell0="" great0="" acc0="" ped0=""/>
    <PP_1 swell0="" great0="" acc0="" ped0=""/>
    <P_1 swell0="" great0="" acc0="" ped0=""/>
    <MF_1 swell0="" great0="" acc0="" ped0=""/>
    <F_1 swell0="" great0="" acc0="" ped0=""/>
    <FF_1 swell0="" great0="" acc0="" ped0=""/>
    <P1_1 swell0="" great0="" acc0="" ped0=""/>
    <P2_1 swell0="" great0="" acc0="" ped0=""/>
    <P3_1 swell0="" great0="" acc0="" ped0=""/>
    <P4_1 swell0="" great0="" acc0="" ped0=""/>
    <P5_1 swell0="" great0="" acc0="" ped0=""/>
    <PP_2 swell0="" great0="" acc0="" ped0=""/>
    <P_2 swell0="" great0="" acc0="" ped0=""/>
    <MF_2 swell0="" great0="" acc0="" ped0=""/>
    <F_2 swell0="" great0="" acc0="" ped0=""/>
    <FF_2 swell0="" great0="" acc0="" ped0=""/>
    <P1_2 swell0="" great0="" acc0="" ped0=""/>
    <P2_2 swell0="" great0="" acc0="" ped0=""/>
    <P3_2 swell0="" great0="" acc0="" ped0=""/>
    <P4_2 swell0="" great0="" acc0="" ped0=""/>
    <P5_2 swell0="" great0="" acc0="" ped0=""/>
    <PP_3 swell0="" great0="" acc0="" ped0=""/>
    <P_3 swell0="" great0="" acc0="" ped0=""/>
    <MF_3 swell0="" great0="" acc0="" ped0=""/>
    <F_3 swell0="" great0="" acc0="" ped0=""/>
    <FF_3 swell0="" great0="" acc0="" ped0=""/>
    <P1_3 swell0="" great0="" acc0="" ped0=""/>
    <P2_3 swell0="" great0="" acc0="" ped0=""/>
    <P3_3 swell0="" great0="" acc0="" ped0=""/>
    <P4_3 swell0="" great0="" acc0="" ped0=""/>
    <P5_3 swell0="" great0="" acc0="" ped0=""/>
</eplayOrganSettings>
