<eplayOrganSettings>
    <organSelector version="3.1" numberoforgans="1" organselected="0" midioutput="None" midifileport="None" stopsport="None" pedport="None" accport="None" greatport="None" swellport="None" windowheight="760" windowwidth="900" windowy="190" windowx="190" immediatestart="0" audiodriver="dsound" audio1="default" audio2="default" audio3="default" audio4="default" translateinput="0" translateoutput="0"/>
    <organ0 organname="HW Peterborough Cathedral, HillV1-2" swellchan="3" validswellstop="2201;2202;2203;2204;2205;2206;2207;2208;2209;2210;2211;2212;2213;2214;2215;2216;2217;2218;1720" greatchan="2" validgreatstop="2101;2102;2103;2104;2105;2106;2107;2108;2109;2110;2111;2112;2113;2114;2115;2116;2117;2118;2119" pedchan="1" validpedstop="2001;2002;2003;2004;2005;2006;2007;2008;2009;2010;2011;2012;2013;2014;2015;2017;2018;2019;2020;2021;2022;2023;1006;1011;1016;1111;1210;1211;1212;1311;1032;1078" stopchan="2;1" stopcode="nrpn" stopopen0="127" stopclose0="0" stopopen1="" stopclose1="" mastercancel="199;127" swellpedal="178;11;179;11" crescpedal="" accchan="4" validaccstop="2301;2302;2303;2304;2305;2306;2307;2308;2309;2310;2311;2312;1730" percchan="" validpercstop="" swellsoundfont="eorg104a900.sf2" greatsoundfont="eorg104a900.sf2" accsoundfont="eorg104a900.sf2" pedsoundfont="eorg104a900.sf2" sysexmfr="" reverb="1" swellbank="0" greatbank="0" accbank="0" pedbank="0" audiogain="0.2" trem="120" aTouchOn="0" defaultswellstop="" defaultgreatstop="" defaultaccstop="" defaultpedstop=""/>
    <FS1 swell0="2201 zClarion 4;14;0;144" great0="2101z Posaune 8;62;0;127" acc0="2312 zTrumpet 8;13;0;131" ped0="2001 zTrumpet 8;13;0;128"/>
    <FS2 swell0="2202 zHorn 8;62;0;127" great0="2102 zClarion 4;14;0;132" acc0="2301 zBassoon 16;25;0;116" ped0="2002 zTrombone 16;61;0;116"/>
    <FS3 swell0="2203 zTrumpet 8;13;0;131" great0="2104 qCornet IV;41;0;100" acc0="2302 qMixture III;9;0;100" ped0="2005 zTrombone 32;60;0;108"/>
    <FS4 swell0="2204 zTrumpet 16;11;0;114" great0="2103 zPosaune 16;25;0;114" acc0="2303 qFlageolet 1;23;+12;95" ped0="2007 qMixture III;9;0;100"/>
    <FS5 swell0="2206 zOboe 16;27;-12;133" great0="2106 qMixture IV;9;0;100" acc0="2304 qFlaut 2;23;0;84" ped0="2009 qTwelfth II;9;0;100"/>
    <FS6 swell0="2205 zHautboy 8;25;+12;128" great0="2105 qMixture III;9;0;100" acc0="2305 qFifteenth 2;37;0;80" ped0="2011 zGemshorn 4;21;0;144"/>
    <FS7 swell0="2208 qMixture III;9;0;100" great0="2108 qTwelfth 2 2/3;7;0;76" acc0="2306 qFlute 4;36;0;63" ped0="2013 qCello 8;42;0;34"/>
    <FS8 swell0="2207 qCymbal IV;10;0;100" great0="2107 qFifteenth 2;37;0;84" acc0="2307 qPrincipal 4;35;0;56" ped0="2014 qFlute 8;32;0;43"/>
    <FS9 swell0="2210 qFlute 4;36;0;63" great0="2110 qPrincipal 4;35;0;56" acc0="2308 qS Diap 8;3;0;31" ped0="2015 qPrincipal 8;2;0;31"/>
    <FS10 swell0="2209 qFifteenth 2;37;0;84" great0="2109 qFlute 4;36;0;63" acc0="2309 qDulcian 8;16;+12;40" ped0="2017 qDulciana 16;16;0;12"/>
    <FS11 swell0="2212 qPrincipal 4;35;0;56" great0="2112 qS Diap 8;3;0;31" acc0="2310 qO Diap 8;2;0;31" ped0="2018 qBourdon 16;55;0;15"/>
    <FS12 swell0="2211 qSalicet 4;19;+12;56" great0="2111 qPrincipal 4;35;0;56" acc0="2311 qBourdon 16;55;0;15" ped0="2019 qViolone 16;42;-12;17"/>
    <FS13 swell0="2214 qSalicional 8;19;0;34" great0="2114 qS Flute 8;32;0;43" acc0="" ped0="2020 qO Wood 16;0;0;9"/>
    <FS14 swell0="2213 qCeleste 8;20;0;35" great0="2113 qH Flute 8;32;0;43" acc0="" ped0="2021 qO Diap 16;0;0;9"/>
    <FS15 swell0="2216 qO Diap II 8;2;0;31" great0="2116 qO Diap II 8;2;0;31" acc0="" ped0="2022 qO Diap 32;52;0;2"/>
    <FS16 swell0="2215 qFlute 8;32;0;43" great0="2115 qO Diap III 8;2;0;31" acc0="" ped0="2004 zOboe 16;27;-12;133"/>
    <FS17 swell0="2218 qBourdon 16;55;0;15" great0="2118 qBourdon 16;55;0;12" acc0="" ped0="2003 zClarinet 16;49;-12;118"/>
    <FS18 swell0="2217 qO Diap I 8;2;0;31" great0="2117 qO Diap I 8;2;0;31" acc0="" ped0="2008 zPosaune 8;62;0;128"/>
    <FS19 swell0="" great0="" acc0="" ped0="2006 zClarion 4;14;0;144"/>
    <FS20 swell0="" great0="2119 qO Diap 16;0;0;9" acc0="" ped0="2012 zTuba 16;46;-12;115"/>
    <FS21 swell0="" great0="" acc0="" ped0="2010 zPosaune 16;61;0;114"/>
    <FS22 swell0="" great0="" acc0="" ped0=""/>
    <FS23 swell0="" great0="" acc0="" ped0="1212 Swell Oct;266"/>
    <FS24 swell0="" great0="" acc0="" ped0="1210 Swell Sub;265"/>
    <FS25 swell0="" great0="" acc0="" ped0="1211 Swl Uni Off;271"/>
    <FS26 swell0="" great0="" acc0="" ped0="1111 Swell to Grt;247"/>
    <FS27 swell0="" great0="" acc0="" ped0="1032 mGreat Oct;268"/>
    <FS28 swell0="" great0="" acc0="" ped0="1311 Swell to Acc;247"/>
    <FS29 swell0="" great0="" acc0="" ped0="1078 mAcc Oct;270"/>
    <FS30 swell0="" great0="" acc0="" ped0="1011 Swell to Ped;247"/>
    <FS31 swell0="" great0="" acc0="" ped0="1006 Grt to Ped;248"/>
    <FS32 swell0="1720 Trem;-2;0;176" great0="" acc0="1730 Trem;-2;0;176" ped0="1016 Acc to Ped;250"/>
    <playorgan0 song0=""/>
    <PP swell0="" great0="" acc0="" ped0=""/>
    <P swell0="" great0="" acc0="" ped0=""/>
    <MF swell0="" great0="" acc0="" ped0=""/>
    <F swell0="" great0="" acc0="" ped0=""/>
    <FF swell0="" great0="" acc0="" ped0=""/>
    <P1 swell0="" great0="" acc0="" ped0=""/>
    <P2 swell0="" great0="" acc0="" ped0=""/>
    <P3 swell0="" great0="" acc0="" ped0=""/>
    <P4 swell0="" great0="" acc0="" ped0=""/>
    <P5 swell0="" great0="" acc0="" ped0=""/>
    <PP_1 swell0="" great0="" acc0="" ped0=""/>
    <P_1 swell0="" great0="" acc0="" ped0=""/>
    <MF_1 swell0="" great0="" acc0="" ped0=""/>
    <F_1 swell0="" great0="" acc0="" ped0=""/>
    <FF_1 swell0="" great0="" acc0="" ped0=""/>
    <P1_1 swell0="" great0="" acc0="" ped0=""/>
    <P2_1 swell0="" great0="" acc0="" ped0=""/>
    <P3_1 swell0="" great0="" acc0="" ped0=""/>
    <P4_1 swell0="" great0="" acc0="" ped0=""/>
    <P5_1 swell0="" great0="" acc0="" ped0=""/>
    <PP_2 swell0="" great0="" acc0="" ped0=""/>
    <P_2 swell0="" great0="" acc0="" ped0=""/>
    <MF_2 swell0="" great0="" acc0="" ped0=""/>
    <F_2 swell0="" great0="" acc0="" ped0=""/>
    <FF_2 swell0="" great0="" acc0="" ped0=""/>
    <P1_2 swell0="" great0="" acc0="" ped0=""/>
    <P2_2 swell0="" great0="" acc0="" ped0=""/>
    <P3_2 swell0="" great0="" acc0="" ped0=""/>
    <P4_2 swell0="" great0="" acc0="" ped0=""/>
    <P5_2 swell0="" great0="" acc0="" ped0=""/>
    <PP_3 swell0="" great0="" acc0="" ped0=""/>
    <P_3 swell0="" great0="" acc0="" ped0=""/>
    <MF_3 swell0="" great0="" acc0="" ped0=""/>
    <F_3 swell0="" great0="" acc0="" ped0=""/>
    <FF_3 swell0="" great0="" acc0="" ped0=""/>
    <P1_3 swell0="" great0="" acc0="" ped0=""/>
    <P2_3 swell0="" great0="" acc0="" ped0=""/>
    <P3_3 swell0="" great0="" acc0="" ped0=""/>
    <P4_3 swell0="" great0="" acc0="" ped0=""/>
    <P5_3 swell0="" great0="" acc0="" ped0=""/>
</eplayOrganSettings>
