<eplayOrganSettings>
    <organSelector version="3.1" numberoforgans="1" organselected="0" midioutput="None" midifileport="None" stopsport="None" pedport="None" accport="None" greatport="None" swellport="None" windowheight="760" windowwidth="900" windowy="190" windowx="190" immediatestart="0" audiodriver="dsound" audio1="default" audio2="default" audio3="default" audio4="default" translateinput="0" translateoutput="0"/>
    <organ0 organname="HW Ditfurt RoeverV1-2" swellchan="3" validswellstop="2201;2202;2203;2204;2205;2206;2207;2208;2209;2210;2211" greatchan="2" validgreatstop="2101;2102;2103;2104;2105;2106;2107;2108;2109;2110;2111;2112;2113;2114" pedchan="1" validpedstop="2001;2002;2003;2004;2005;2006;2007;2008;1006;1011;1111;1212;1032;1054" stopchan="2;1" stopcode="nrpn" stopopen0="127" stopclose0="0" stopopen1="" stopclose1="" mastercancel="199;127" swellpedal="178;11;183;7" crescpedal="" accchan="" validaccstop="" percchan="" validpercstop="" swellsoundfont="eorg104a900.sf2" greatsoundfont="eorg104a900.sf2" accsoundfont="eorg104a900.sf2" pedsoundfont="eorg104a900.sf2" sysexmfr="" reverb="1" swellbank="0" greatbank="0" accbank="0" pedbank="0" audiogain="0.3" trem="120" aTouchOn="0" defaultswellstop="" defaultgreatstop="" defaultaccstop="" defaultpedstop=""/>
    <FS1 swell0="2211 qMixture III;9;0;100" great0="2114 zTrumpet 8;13;0;131" acc0="" ped0="2001 qO Bass 16;30;0;15"/>
    <FS2 swell0="" great0="" acc0="" ped0=""/>
    <FS3 swell0="2210 qFlute 2;23;0;84" great0="2113 qMixture III;9;0;100" acc0="" ped0="2002 qViolin 16;42;-12;17"/>
    <FS4 swell0="" great0="" acc0="" ped0=""/>
    <FS5 swell0="2209 qFlute 4;22;0;63" great0="2112 qCornet;41;0;100" acc0="" ped0="2003 qSubbas 16;52;+12;9"/>
    <FS6 swell0="" great0="" acc0="" ped0=""/>
    <FS7 swell0="2208 qFugura 4;5;0;56" great0="2111 qOctave 2;5;+12;80" acc0="" ped0="2004 qGedakt 16;32;-12;12"/>
    <FS8 swell0="" great0="" acc0="" ped0=""/>
    <FS9 swell0="2207 qCeleste 8;20;0;35" great0="2110 qQuint 2 2/3;7;0;76" acc0="" ped0="2005 qOctave 8;56;0;128"/>
    <FS10 swell0="" great0="" acc0="" ped0=""/>
    <FS11 swell0="2206 qViolin 8;42;0;34" great0="2109 qFlute 4;22;0;63" acc0="" ped0="2006 qCello 8;0;0;34"/>
    <FS12 swell0="" great0="" acc0="" ped0=""/>
    <FS13 swell0="2205 qGedakt 8;3;0;31" great0="2108 qOctave 4;5;0;56" acc0="" ped0="2007 qFlute 8;32;0;43"/>
    <FS14 swell0="" great0="" acc0="" ped0=""/>
    <FS15 swell0="2204 qFlute 8;18;0;43" great0="2107 qGedakt 8;32;0;41" acc0="" ped0="2008 zPosaune 16;61;0;114"/>
    <FS16 swell0="" great0="" acc0="" ped0=""/>
    <FS17 swell0="2203 qSalicional 8;19;0;34" great0="2106 qGemshorn 8;2;0;31" acc0="" ped0=""/>
    <FS18 swell0="" great0="" acc0="" ped0=""/>
    <FS19 swell0="2202 qPrincipal 8;31;0;31" great0="2105 qFlute 8;32;0;43" acc0="" ped0=""/>
    <FS20 swell0="" great0="" acc0="" ped0=""/>
    <FS21 swell0="2201 qGedakt 16;32;-12;12" great0="2104 qGambe 8;42;0;37" acc0="" ped0=""/>
    <FS22 swell0="" great0="" acc0="" ped0=""/>
    <FS23 swell0="" great0="2103 qPrincipal 8;31;0;31" acc0="" ped0="1212 Swell Oct;266"/>
    <FS24 swell0="" great0="" acc0="" ped0="1054 mSwell Sub;265"/>
    <FS25 swell0="" great0="2102 qBourdon 16;55;0;12" acc0="" ped0=""/>
    <FS26 swell0="" great0="" acc0="" ped0="1111 Swell to Grt;247"/>
    <FS27 swell0="" great0="2101 qPrincipal 16;53;0;9" acc0="" ped0="1032 mGreat Oct;268"/>
    <FS28 swell0="" great0="" acc0="" ped0=""/>
    <FS29 swell0="" great0="" acc0="" ped0=""/>
    <FS30 swell0="" great0="" acc0="" ped0="1011 Swell to Ped;247"/>
    <FS31 swell0="" great0="" acc0="" ped0="1006 Grt to Ped;248"/>
    <FS32 swell0="" great0="" acc0="" ped0=""/>
    <playorgan0 song0=""/>
    <PP swell0="" great0="" acc0="" ped0=""/>
    <P swell0="" great0="" acc0="" ped0=""/>
    <MF swell0="" great0="" acc0="" ped0=""/>
    <F swell0="" great0="" acc0="" ped0=""/>
    <FF swell0="" great0="" acc0="" ped0=""/>
    <P1 swell0="" great0="" acc0="" ped0=""/>
    <P2 swell0="" great0="" acc0="" ped0=""/>
    <P3 swell0="" great0="" acc0="" ped0=""/>
    <P4 swell0="" great0="" acc0="" ped0=""/>
    <P5 swell0="" great0="" acc0="" ped0=""/>
    <PP_1 swell0="" great0="" acc0="" ped0=""/>
    <P_1 swell0="" great0="" acc0="" ped0=""/>
    <MF_1 swell0="" great0="" acc0="" ped0=""/>
    <F_1 swell0="" great0="" acc0="" ped0=""/>
    <FF_1 swell0="" great0="" acc0="" ped0=""/>
    <P1_1 swell0="" great0="" acc0="" ped0=""/>
    <P2_1 swell0="" great0="" acc0="" ped0=""/>
    <P3_1 swell0="" great0="" acc0="" ped0=""/>
    <P4_1 swell0="" great0="" acc0="" ped0=""/>
    <P5_1 swell0="" great0="" acc0="" ped0=""/>
    <PP_2 swell0="" great0="" acc0="" ped0=""/>
    <P_2 swell0="" great0="" acc0="" ped0=""/>
    <MF_2 swell0="" great0="" acc0="" ped0=""/>
    <F_2 swell0="" great0="" acc0="" ped0=""/>
    <FF_2 swell0="" great0="" acc0="" ped0=""/>
    <P1_2 swell0="" great0="" acc0="" ped0=""/>
    <P2_2 swell0="" great0="" acc0="" ped0=""/>
    <P3_2 swell0="" great0="" acc0="" ped0=""/>
    <P4_2 swell0="" great0="" acc0="" ped0=""/>
    <P5_2 swell0="" great0="" acc0="" ped0=""/>
    <PP_3 swell0="" great0="" acc0="" ped0=""/>
    <P_3 swell0="" great0="" acc0="" ped0=""/>
    <MF_3 swell0="" great0="" acc0="" ped0=""/>
    <F_3 swell0="" great0="" acc0="" ped0=""/>
    <FF_3 swell0="" great0="" acc0="" ped0=""/>
    <P1_3 swell0="" great0="" acc0="" ped0=""/>
    <P2_3 swell0="" great0="" acc0="" ped0=""/>
    <P3_3 swell0="" great0="" acc0="" ped0=""/>
    <P4_3 swell0="" great0="" acc0="" ped0=""/>
    <P5_3 swell0="" great0="" acc0="" ped0=""/>
</eplayOrganSettings>
