<eplayOrganSettings>
    <organSelector version="3.1" numberoforgans="1" organselected="0" midioutput="None" midifileport="None" stopsport="None" pedport="None" accport="None" greatport="None" swellport="None" windowheight="760" windowwidth="900" windowy="190" windowx="190" immediatestart="0" audiodriver="dsound" audio1="default" audio2="default" audio3="default" audio4="default" translateinput="0" translateoutput="0"/>
    <organ0 organname="Viscount CantataV1-2" swellchan="1" validswellstop="260;2048;2816;523;515;525;1026;770;514;258;772;2560;1793;771;512;1" greatchan="2" validgreatstop="68096;67329;66306;66050;66560;66307;66048;65792;66060;68098;66059;66052;2" pedchan="4" validpedstop="197380;196868;199168;197122;196866;196864;197132;196612;197379;197120;196865;196609;3108865;3108864;3108867" stopchan="" stopcode="sysex" stopopen0="64" stopclose0="0" stopopen1="" stopclose1="" mastercancel="240;49;47;108;0;247" swellpedal="176;11;177;11" crescpedal="" accchan="" validaccstop="68096;67329;66306;66050;66560;66307;66048;65792;66060;68098;66059;66052;2" percchan="" validpercstop="" swellsoundfont="eorg104a900.sf2" greatsoundfont="eorg104a900.sf2" accsoundfont="eorg104a900.sf2" pedsoundfont="eorg104a900.sf2" sysexmfr="49" reverb="1" swellbank="0" greatbank="0" accbank="0" pedbank="0" audiogain="0.3" trem="120" aTouchOn="0" defaultswellstop="" defaultgreatstop="" defaultaccstop="" defaultpedstop=""/>
    <FS1 swell0="260 zRegal 16;25;0;118" great0="68096 qMixture IV;59;0;100" acc0="" ped0="197380 zClarion 4;14;0;144"/>
    <FS2 swell0="772 zTrumpet 4;13;+12;131" great0="66060 zTrumpet 8;13;0;131" acc0="" ped0="197132 zTrumpet 8;13;0;128"/>
    <FS3 swell0="525 zOboe 8;48;0;133" great0="66560 qOctave 2;23;0;84" acc0="" ped0="196868 zFagot 16;25;0;114"/>
    <FS4 swell0="" great0="" acc0="" ped0="196612 zBombarde 32;52;0;108"/>
    <FS5 swell0="2048 qTerz 1 3/5;45;+16;91" great0="67329 qNazard 2 2/3;7;0;76" acc0="" ped0="199168 qMixture V;41;0;100"/>
    <FS6 swell0="2560 qCymbel III;10;0;100" great0="68098 qCornet III;41;0;100" acc0="" ped0="197379 qChoral 4;35;0;56"/>
    <FS7 swell0="1026 qFlute 2;23;0;84" great0="66307 qOctave 4;5;0;56" acc0="" ped0="197122 qGedakt 8;32;0;43"/>
    <FS8 swell0="" great0="" acc0="" ped0="197120 qOctave 8;56;0;40"/>
    <FS9 swell0="2816 qChimes;113;0;161" great0="66306 qFlute 4;36;0;63" acc0="" ped0="196866 qGedakt 16;55;0;15"/>
    <FS10 swell0="1793 qQuint 2 2/3;7;0;76" great0="66059 qCeleste 8;20;0;35" acc0="" ped0="196865 qSubbas 16;30;0;17"/>
    <FS11 swell0="770 qGedakt 4;22;0;63" great0="66048 qPrincipal 8;2;0;31" acc0="" ped0="196864 qPrincipal 16;0;0;9"/>
    <FS12 swell0="" great0="" acc0="" ped0="196609 qBourdon 32;52;0;2"/>
    <FS13 swell0="523 qCeleste 8;20;0;35" great0="66050 qGedakt 8;32;0;43" acc0="" ped0=""/>
    <FS14 swell0="771 qOctave 4;5;0;56" great0="66052 qDulcian 8;4;0;40" acc0="" ped0=""/>
    <FS15 swell0="514 qGedakt 8;32;0;43" great0="65792 qPrincipal 16;0;0;9" acc0="" ped0=""/>
    <FS16 swell0="" great0="" acc0="" ped0=""/>
    <FS17 swell0="515 qGamba 8;42;0;34" great0="" acc0="" ped0=""/>
    <FS18 swell0="512 qPrincipal 8;2;0;31" great0="" acc0="" ped0=""/>
    <FS19 swell0="258 qGedakt 16;55;0;12" great0="" acc0="" ped0=""/>
    <FS20 swell0="" great0="" acc0="" ped0=""/>
    <FS21 swell0="" great0="" acc0="" ped0=""/>
    <FS22 swell0="" great0="" acc0="" ped0=""/>
    <FS23 swell0="" great0="" acc0="" ped0=""/>
    <FS24 swell0="" great0="" acc0="" ped0=""/>
    <FS25 swell0="" great0="" acc0="" ped0=""/>
    <FS26 swell0="" great0="" acc0="" ped0="3108867 Swell to Grt;247"/>
    <FS27 swell0="" great0="" acc0="" ped0=""/>
    <FS28 swell0="" great0="" acc0="" ped0=""/>
    <FS29 swell0="" great0="" acc0="" ped0=""/>
    <FS30 swell0="" great0="" acc0="" ped0="3108864 Swell to Ped;247"/>
    <FS31 swell0="" great0="" acc0="" ped0="3108865 Grt to Ped;248"/>
    <FS32 swell0="1 Trem;-2;0;176" great0="2 Trem;-2;0;176" acc0="" ped0=""/>
    <playorgan0 song0=""/>
    <PP swell0="" great0="" acc0="" ped0=""/>
    <P swell0="" great0="" acc0="" ped0=""/>
    <MF swell0="" great0="" acc0="" ped0=""/>
    <F swell0="" great0="" acc0="" ped0=""/>
    <FF swell0="" great0="" acc0="" ped0=""/>
    <P1 swell0="" great0="" acc0="" ped0=""/>
    <P2 swell0="" great0="" acc0="" ped0=""/>
    <P3 swell0="" great0="" acc0="" ped0=""/>
    <P4 swell0="" great0="" acc0="" ped0=""/>
    <P5 swell0="" great0="" acc0="" ped0=""/>
    <PP_1 swell0="" great0="" acc0="" ped0=""/>
    <P_1 swell0="" great0="" acc0="" ped0=""/>
    <MF_1 swell0="" great0="" acc0="" ped0=""/>
    <F_1 swell0="" great0="" acc0="" ped0=""/>
    <FF_1 swell0="" great0="" acc0="" ped0=""/>
    <P1_1 swell0="" great0="" acc0="" ped0=""/>
    <P2_1 swell0="" great0="" acc0="" ped0=""/>
    <P3_1 swell0="" great0="" acc0="" ped0=""/>
    <P4_1 swell0="" great0="" acc0="" ped0=""/>
    <P5_1 swell0="" great0="" acc0="" ped0=""/>
    <PP_2 swell0="" great0="" acc0="" ped0=""/>
    <P_2 swell0="" great0="" acc0="" ped0=""/>
    <MF_2 swell0="" great0="" acc0="" ped0=""/>
    <F_2 swell0="" great0="" acc0="" ped0=""/>
    <FF_2 swell0="" great0="" acc0="" ped0=""/>
    <P1_2 swell0="" great0="" acc0="" ped0=""/>
    <P2_2 swell0="" great0="" acc0="" ped0=""/>
    <P3_2 swell0="" great0="" acc0="" ped0=""/>
    <P4_2 swell0="" great0="" acc0="" ped0=""/>
    <P5_2 swell0="" great0="" acc0="" ped0=""/>
    <PP_3 swell0="" great0="" acc0="" ped0=""/>
    <P_3 swell0="" great0="" acc0="" ped0=""/>
    <MF_3 swell0="" great0="" acc0="" ped0=""/>
    <F_3 swell0="" great0="" acc0="" ped0=""/>
    <FF_3 swell0="" great0="" acc0="" ped0=""/>
    <P1_3 swell0="" great0="" acc0="" ped0=""/>
    <P2_3 swell0="" great0="" acc0="" ped0=""/>
    <P3_3 swell0="" great0="" acc0="" ped0=""/>
    <P4_3 swell0="" great0="" acc0="" ped0=""/>
    <P5_3 swell0="" great0="" acc0="" ped0=""/>
</eplayOrganSettings>
