<eplayOrganSettings>
    <organSelector version="3.1" numberoforgans="1" organselected="0" midioutput="None" midifileport="None" stopsport="None" pedport="None" accport="None" greatport="None" swellport="None" windowheight="760" windowwidth="900" windowy="190" windowx="190" immediatestart="0" audiodriver="dsound" audio1="default" audio2="default" audio3="default" audio4="default" translateinput="0" translateoutput="0"/>
    <organ0 organname="HW St Maximin FranceV2-1" swellchan="4" validswellstop="2301;2302;2303;2304;2305;2306;2307;2401;2402;2403;2501;2502;2503;1730" greatchan="3" validgreatstop="2201;2202;2203;2204;2205;2206;2207;2208;2209;2210;2211;2212;2213;2214;2215;1720" pedchan="1" validpedstop="1016" stopchan="2" stopcode="nrpn" stopopen0="127" stopclose0="0" stopopen1="" stopclose1="" mastercancel="199;127" swellpedal="183;7;183;7" accchan="2" validaccstop="2101;2102;2103;2104;2105;2106;2107;2108;2109;2110;2111;2112;2113;2114;2115;2116" percchan="" validpercstop="" swellsoundfont="eplayUniversalOrgan.sf2" greatsoundfont="eplayUniversalOrgan.sf2" accsoundfont="eplayUniversalOrgan.sf2" pedsoundfont="" sysexmfr="" reverb="0" swellbank="1" greatbank="1" accbank="1" pedbank="0" audiogain="0.3" trem="120" aTouchOn="0" defaultswellstop="" defaultgreatstop="" defaultaccstop="" defaultpedstop=""/>
    <FS1 swell0="2401 zCornet;41;0;100" great0="2215 zVoxZZ8;39;0;139" acc0="2104 zCromorneZZ8;50;0;127" ped0="Dummy"/>
    <FS2 swell0="2304 zClarionZZ4;14;0;144" great0="2204 zClarionZZ4;14;0;144" acc0="2102 zCimbaleZZIII;9;0;100" ped0=""/>
    <FS3 swell0="2403 zTrumpet1ZZ8;13;0;131" great0="2214 zTrumpetZZ8;13;0;131" acc0="2109 qLarigotZZ1 1/3;36;+19;95" ped0=""/>
    <FS4 swell0="2302 zTrumpet2ZZ8;13;0;131" great0="2203 zCimbaleZZIV;10;0;100" acc0="2106 qDoubletZZ2;23;0;84" ped0=""/>
    <FS5 swell0="2402 zHautbois;27;0;133" great0="2212 zFournZZIV;59;0;100" acc0="2111 qNazardZZ2 2/3;7;0;76" ped0=""/>
    <FS6 swell0="2303 zBombardZZ16;25;0;116" great0="2208 zFournZZII;9;0;100" acc0="2101 qBourdonZZ8;18;0;40" ped0=""/>
    <FS7 swell0="2301 zTrumpetZZ8;13;0;127" great0="2209 qTierceZZ1 3/5;36;+16;91" acc0="2110 qMontreZZ8;2;0;31" ped0=""/>
    <FS8 swell0="2306 qFluteZZ4;36;0;63" great0="2213 qPrestantZZ4;35;0;31" acc0="2116 zTrumpetZZ8;13;0;131" ped0=""/>
    <FS9 swell0="2502 qFluteZZ8;32;0;43" great0="2207 qNazardZZ2 2/3;7;0;76" acc0="2103 zClarionZZ4;14;0;144" ped0=""/>
    <FS10 swell0="2501 zCornet;41;0;100" great0="2202 qBourdonZZ8;18;0;40" acc0="2115 qTierceZZ1 3/5;36;+16;91" ped0=""/>
    <FS11 swell0="2305 qFluteZZ16;16;0;15" great0="2201 qBourdonZZ16;55;0;15" acc0="2108 zFournZZIII;10;0;100" ped0=""/>
    <FS12 swell0="2307 qFluteZZ8;32;0;43" great0="2210 qMontreZZ16;0;0;9" acc0="2107 qFluteZZ8;32;0;43" ped0=""/>
    <FS13 swell0="2503 zTrumpetZZ8;13;0;128" great0="2205 zCornet;41;0;100" acc0="2113 qNazardZZ2 2/3;7;0;76" ped0=""/>
    <FS14 swell0="" great0="2206 zTrumpetZZ16;11;0;114" acc0="2105 zCornet;41;0;100" ped0=""/>
    <FS15 swell0="" great0="2211 qMontreZZ8;2;0;31" acc0="2112 qPrestantZZ4;35;0;31" ped0=""/>
    <FS16 swell0="" great0="" acc0="" ped0=""/>
    <FS17 swell0="" great0="" acc0="2114 ySonnette;123" ped0=""/>
    <FS18 swell0="" great0="" acc0="" ped0=""/>
    <FS19 swell0="" great0="" acc0="" ped0=""/>
    <FS20 swell0="" great0="" acc0="" ped0=""/>
    <FS21 swell0="" great0="" acc0="" ped0=""/>
    <FS22 swell0="" great0="" acc0="" ped0=""/>
    <FS23 swell0="" great0="" acc0="" ped0=""/>
    <FS24 swell0="" great0="" acc0="" ped0=""/>
    <FS25 swell0="" great0="" acc0="" ped0=""/>
    <FS26 swell0="" great0="" acc0="" ped0=""/>
    <FS27 swell0="" great0="" acc0="" ped0=""/>
    <FS28 swell0="" great0="" acc0="" ped0=""/>
    <FS29 swell0="" great0="" acc0="" ped0=""/>
    <FS30 swell0="" great0="" acc0="" ped0="1016 SwellZZto Ped;247"/>
    <FS31 swell0="" great0="" acc0="" ped0=""/>
    <FS32 swell0="1730 Trem;-2;0;176" great0="1720 Trem;-2;0;176" acc0="" ped0=""/>
    <playorgan0 song0=""/>
    <PP swell0="" great0="" acc0="" ped0=""/>
    <P swell0="" great0="" acc0="" ped0=""/>
    <MF swell0="" great0="" acc0="" ped0=""/>
    <F swell0="" great0="" acc0="" ped0=""/>
    <FF swell0="" great0="" acc0="" ped0=""/>
    <P1 swell0="" great0="" acc0="" ped0=""/>
    <P2 swell0="" great0="" acc0="" ped0=""/>
    <P3 swell0="" great0="" acc0="" ped0=""/>
    <P4 swell0="" great0="" acc0="" ped0=""/>
    <P5 swell0="" great0="" acc0="" ped0=""/>
    <PP_1 swell0="" great0="" acc0="" ped0=""/>
    <P_1 swell0="" great0="" acc0="" ped0=""/>
    <MF_1 swell0="" great0="" acc0="" ped0=""/>
    <F_1 swell0="" great0="" acc0="" ped0=""/>
    <FF_1 swell0="" great0="" acc0="" ped0=""/>
    <P1_1 swell0="" great0="" acc0="" ped0=""/>
    <P2_1 swell0="" great0="" acc0="" ped0=""/>
    <P3_1 swell0="" great0="" acc0="" ped0=""/>
    <P4_1 swell0="" great0="" acc0="" ped0=""/>
    <P5_1 swell0="" great0="" acc0="" ped0=""/>
    <PP_2 swell0="" great0="" acc0="" ped0=""/>
    <P_2 swell0="" great0="" acc0="" ped0=""/>
    <MF_2 swell0="" great0="" acc0="" ped0=""/>
    <F_2 swell0="" great0="" acc0="" ped0=""/>
    <FF_2 swell0="" great0="" acc0="" ped0=""/>
    <P1_2 swell0="" great0="" acc0="" ped0=""/>
    <P2_2 swell0="" great0="" acc0="" ped0=""/>
    <P3_2 swell0="" great0="" acc0="" ped0=""/>
    <P4_2 swell0="" great0="" acc0="" ped0=""/>
    <P5_2 swell0="" great0="" acc0="" ped0=""/>
    <PP_3 swell0="" great0="" acc0="" ped0=""/>
    <P_3 swell0="" great0="" acc0="" ped0=""/>
    <MF_3 swell0="" great0="" acc0="" ped0=""/>
    <F_3 swell0="" great0="" acc0="" ped0=""/>
    <FF_3 swell0="" great0="" acc0="" ped0=""/>
    <P1_3 swell0="" great0="" acc0="" ped0=""/>
    <P2_3 swell0="" great0="" acc0="" ped0=""/>
    <P3_3 swell0="" great0="" acc0="" ped0=""/>
    <P4_3 swell0="" great0="" acc0="" ped0=""/>
    <P5_3 swell0="" great0="" acc0="" ped0=""/>
</eplayOrganSettings>
