<eplayOrganSettings>
    <organSelector version="3.1" numberoforgans="1" organselected="0" midioutput="None" midifileport="None" stopsport="None" pedport="None" accport="None" greatport="None" swellport="None" windowheight="760" windowwidth="900" windowy="190" windowx="190" immediatestart="0" audiodriver="dsound" audio1="default" audio2="default" audio3="default" audio4="default" translateinput="0" translateoutput="0"/>
    <organ0 organname="HW Skinner 1301 Oakland(sysex)V2-1" swellchan="4" validswellstop="12015;12016;12017;12018;12019;12020;12021;12022;12023;12024;12026;12027;12028;12029" greatchan="3" validgreatstop="12031;12032;12033;12034;12035;12037;12038;12039;12040" pedchan="1" validpedstop="12001;12002;12003;12004;12005;12006;12007;12008;12009;12010;12011;12012;12013;12014;12020;12025;12030;12051;12056;12058;12060;12063;12069" stopchan="2" stopcode="sysex" stopopen0="16" stopclose0="17" stopopen1="" stopclose1="" mastercancel="199;127" swellpedal="179;11;177;11" accchan="2" validaccstop="12041;12042;12043;12044;12045;12047;12048;12049;12050;12052;12053;12054;12055" percchan="" validpercstop="" swellsoundfont="eplayUniversalOrgan.sf2" greatsoundfont="eplayUniversalOrgan.sf2" accsoundfont="eplayUniversalOrgan.sf2" pedsoundfont="eplayUniversalOrgan.sf2" sysexmfr="125;57;114" reverb="0" swellbank="1" greatbank="1" accbank="1" pedbank="1" audiogain="0.3" trem="120" aTouchOn="0" defaultswellstop="" defaultgreatstop="" defaultaccstop="" defaultpedstop=""/>
    <FS1 swell0="12015 zTrumpetZZ8;13;0;131" great0="12031 qZimbel;9;0;207" acc0="12042 zBombardZZ8;46;0;128" ped0="12001 zTrumpetZZ8;13;0;131"/>
    <FS2 swell0="12021 zFagotZZ16;25;0;116" great0="12037 zBombardZZ8;46;0;128" acc0="12047 zKrummhornZZ8;50;0;127" ped0="12007 qRohr SchalZZ4;58;0;63"/>
    <FS3 swell0="12016 qScharfZZIII;9;0;100" great0="12032 qMixtureZZIV;9;0;100" acc0="12043 qzimbelZZIII;9;0;100" ped0="12002 zPosauneZZ16;60;0;114"/>
    <FS4 swell0="12022 qQuintZZ1 1/3;45;+19;95" great0="12038 qPrestantZZ2;2;+24;84" acc0="12048 qFluteZZ2;23;0;80" ped0="12008 zFagotZZ16;25;0;116"/>
    <FS5 swell0="12017 qPrincipalZZ4;35;0;56" great0="12033 qOctaveZZ4;5;0;56" acc0="12044 qPrincipalZZ2;35;+12;84" ped0="12003 qCh BassZZ4;45;0;56"/>
    <FS6 swell0="12023 qRohr FlZZ4;22;0;63" great0="12039 qFluteZZ4;22;0;63" acc0="12049 qPommerZZ4;22;0;56" ped0="12009 qGedaktZZ4;22;0;56"/>
    <FS7 swell0="12018 qViolaZZ8;42;0;34" great0="12034 qPrincipalZZ8;3;0;31" acc0="12045 qFluteZZ8;32;0;43" ped0="12004 qOctaveZZ8;56;0;40"/>
    <FS8 swell0="12024 qCelesteZZ8;20;0;35" great0="12040 qBourdonZZ8;18;0;43" acc0="12050 qCelesteZZ8;20;0;37" ped0="12010 qGedaktZZ8;32;0;43"/>
    <FS9 swell0="12026 zClarinetZZ4;14;0;144" great0="12035 zGemshornZZ16;21;-24;115" acc0="" ped0="12005 qPrincipalZZ16;0;0;9"/>
    <FS10 swell0="" great0="" acc0="12052 qRohr SchalZZ4;36;0;63" ped0="12011 qGedaktZZ16;55;0;15"/>
    <FS11 swell0="12027 zVoxZZ8;39;0;139" great0="" acc0="" ped0="12006 zSubBassZZ16;52;+12;108"/>
    <FS12 swell0="" great0="" acc0="12053 qTerzZZ1 3/5;32;+28;91" ped0="12012 zGemshornZZ16;21;-24;115"/>
    <FS13 swell0="12028 zNachthornZZ2;21;+12;144" great0="" acc0="" ped0=""/>
    <FS14 swell0="" great0="" acc0="12054 qNazatZZ2 2/3;7;0;76" ped0="12013 qUnter SatzZZ32;52;0;2"/>
    <FS15 swell0="12029 qGedaktZZ8;32;0;43" great0="" acc0="" ped0=""/>
    <FS16 swell0="" great0="" acc0="12055 qSpitz FluteZZ8;18;0;41" ped0=""/>
    <FS17 swell0="" great0="" acc0="" ped0=""/>
    <FS18 swell0="" great0="" acc0="" ped0=""/>
    <FS19 swell0="" great0="" acc0="" ped0=""/>
    <FS20 swell0="" great0="" acc0="" ped0=""/>
    <FS21 swell0="" great0="" acc0="" ped0=""/>
    <FS22 swell0="" great0="" acc0="" ped0=""/>
    <FS23 swell0="" great0="" acc0="" ped0="12014 SwellZZOct;266"/>
    <FS24 swell0="" great0="" acc0="" ped0="12020 SwellZZSub;265"/>
    <FS25 swell0="" great0="" acc0="" ped0="12025 SwellZZUni Off;271"/>
    <FS26 swell0="" great0="" acc0="" ped0="12063 SwellZZto Grt;247"/>
    <FS27 swell0="" great0="" acc0="" ped0="12030 GreatZZOct;268"/>
    <FS28 swell0="" great0="" acc0="" ped0="12069 SwellZZto Acc;247"/>
    <FS29 swell0="" great0="" acc0="" ped0="12051 AccZZOct;270"/>
    <FS30 swell0="" great0="" acc0="" ped0="12058 SwellZZto Ped;247"/>
    <FS31 swell0="" great0="" acc0="" ped0="12056 GreatZZto Ped;248"/>
    <FS32 swell0="12019 Trem;-2;0;176" great0="" acc0="12041 Trem;-2;0;176" ped0="12060 AccZZto Ped;250"/>
    <playorgan0 song0=""/>
    <PP swell0="12017;12018;12026;" great0="12034;12035;" acc0="" ped0="12005;12006;"/>
    <P swell0="" great0="" acc0="" ped0=""/>
    <MF swell0="" great0="" acc0="" ped0=""/>
    <F swell0="" great0="" acc0="" ped0=""/>
    <FF swell0="" great0="" acc0="" ped0=""/>
    <P1 swell0="" great0="" acc0="" ped0=""/>
    <P2 swell0="" great0="" acc0="" ped0=""/>
    <P3 swell0="" great0="" acc0="" ped0=""/>
    <P4 swell0="" great0="" acc0="" ped0=""/>
    <P5 swell0="12014;" great0="12038;12039;12040;" acc0="" ped0=""/>
    <PP_1 swell0="" great0="" acc0="" ped0=""/>
    <P_1 swell0="" great0="" acc0="" ped0=""/>
    <MF_1 swell0="" great0="" acc0="" ped0=""/>
    <F_1 swell0="" great0="" acc0="" ped0=""/>
    <FF_1 swell0="" great0="" acc0="" ped0=""/>
    <P1_1 swell0="" great0="" acc0="" ped0=""/>
    <P2_1 swell0="" great0="" acc0="" ped0=""/>
    <P3_1 swell0="" great0="" acc0="" ped0=""/>
    <P4_1 swell0="" great0="" acc0="" ped0=""/>
    <P5_1 swell0="" great0="" acc0="" ped0=""/>
    <PP_2 swell0="" great0="" acc0="" ped0=""/>
    <P_2 swell0="" great0="" acc0="" ped0=""/>
    <MF_2 swell0="" great0="" acc0="" ped0=""/>
    <F_2 swell0="" great0="" acc0="" ped0=""/>
    <FF_2 swell0="" great0="" acc0="" ped0=""/>
    <P1_2 swell0="" great0="" acc0="" ped0=""/>
    <P2_2 swell0="" great0="" acc0="" ped0=""/>
    <P3_2 swell0="" great0="" acc0="" ped0=""/>
    <P4_2 swell0="" great0="" acc0="" ped0=""/>
    <P5_2 swell0="" great0="" acc0="" ped0=""/>
    <PP_3 swell0="" great0="" acc0="" ped0=""/>
    <P_3 swell0="" great0="" acc0="" ped0=""/>
    <MF_3 swell0="" great0="" acc0="" ped0=""/>
    <F_3 swell0="" great0="" acc0="" ped0=""/>
    <FF_3 swell0="" great0="" acc0="" ped0=""/>
    <P1_3 swell0="" great0="" acc0="" ped0=""/>
    <P2_3 swell0="" great0="" acc0="" ped0=""/>
    <P3_3 swell0="" great0="" acc0="" ped0=""/>
    <P4_3 swell0="" great0="" acc0="" ped0=""/>
    <P5_3 swell0="" great0="" acc0="" ped0=""/>
</eplayOrganSettings>
