<eplayOrganSettings>
    <organSelector version="3.1" numberoforgans="1" organselected="0" midioutput="None" midifileport="None" stopsport="None" pedport="None" accport="None" greatport="None" swellport="None" windowheight="760" windowwidth="900" windowy="190" windowx="190" immediatestart="0" audiodriver="dsound" audio1="default" audio2="default" audio3="default" audio4="default" translateinput="0" translateoutput="0"/>
    <organ0 organname="HW Klapmeyer AltenbruchV2-1" swellchan="4" validswellstop="2301;2302;2303;2304;2305;2306;2307;2308" greatchan="3" validgreatstop="2201;2202;2203;2204;2205;2206;2207;2208;2209;2210;2211" pedchan="1" validpedstop="2001;2002;2003;2004;2005;2006;2007;2008;2009;1216;1020;1022;1024;1032;1055;1070;1077;1078" stopchan="2;1" stopcode="nrpn" stopopen0="127" stopclose0="0" stopopen1="" stopclose1="" mastercancel="199;127" swellpedal="183;7;183;7" accchan="2" validaccstop="2101;2102;2103;2104;2105;2106;2107;2108;2109;2110;2111;2112;2113;2114" percchan="" validpercstop="" swellsoundfont="eplayUniversalOrgan.sf2" greatsoundfont="eplayUniversalOrgan.sf2" accsoundfont="eplayUniversalOrgan.sf2" pedsoundfont="eplayUniversalOrgan.sf2" sysexmfr="" reverb="0" swellbank="1" greatbank="1" accbank="1" pedbank="1" audiogain="0.3" trem="120" aTouchOn="0" defaultswellstop="" defaultgreatstop="" defaultaccstop="" defaultpedstop=""/>
    <FS1 swell0="2305 qGedaktZZ8;32;0;43" great0="2205 qPrincipalZZ8;2;0;31" acc0="2107 qPrincipalZZ8;2;0;31" ped0="2004 zUntersatzZZ16;55;0;116"/>
    <FS2 swell0="2306 qGedaktZZ4;36;0;63" great0="2211 qQuintadenZZ16;44;-12;17" acc0="2101 qGedaktZZ8;32;0;43" ped0="2008 qGedaktZZ8;32;0;43"/>
    <FS3 swell0="2304 qOctaveZZ2;23;0;84" great0="2210 qOctaveZZ4;5;0;56" acc0="2102 qOctaveZZ4;5;0;56" ped0="2009 qPrincipalZZ8;2;0;31"/>
    <FS4 swell0="2307 qQuintZZ1 1/2;45;+16;91" great0="2204 qGedaktZZ8;32;0;43" acc0="2108 qQuintZZ8;44;0;41" ped0="2002 zPosaunZZ16;11;0;114"/>
    <FS5 swell0="2303 qScharfZZIII;9;0;100" great0="2209 qMixtureZZV;9;0;100" acc0="2109 qNazatZZ3;7;0;76" ped0="2003 qOctaveZZ4;5;0;56"/>
    <FS6 swell0="2308 qRegalZZ8;4;0;35" great0="2203 qFluteZZ2;23;0;84" acc0="2104 qGedaktZZ4;36;0;63" ped0="2006 zTromethZZ8;13;0;131"/>
    <FS7 swell0="" great0="2202 qCymbelZZIII;10;0;100" acc0="2110 qOctaveZZ2;37;0;80" ped0="2007 qMixtureZZIV;9;0;100"/>
    <FS8 swell0="" great0="2201 zVoxZZ8;39;0;139" acc0="2103 qFluteZZ2;23;0;84" ped0="2001 qCornetZZII;41;0;100"/>
    <FS9 swell0="2301 zCimbelstern;123;0;163" great0="2208 zTromethZZ8;13;0;131" acc0="2105 qMixtureZZIV;9;0;100" ped0=""/>
    <FS10 swell0="" great0="" acc0="2111 qSexquiZZ2;37;0;80" ped0=""/>
    <FS11 swell0="" great0="" acc0="2112 qDulcianZZ16;4;-12;15" ped0=""/>
    <FS12 swell0="" great0="" acc0="2106 zKrumhornZZ8;26;0;127" ped0=""/>
    <FS13 swell0="" great0="" acc0="" ped0=""/>
    <FS14 swell0="" great0="" acc0="" ped0=""/>
    <FS15 swell0="" great0="" acc0="" ped0=""/>
    <FS16 swell0="" great0="" acc0="" ped0=""/>
    <FS17 swell0="" great0="" acc0="" ped0=""/>
    <FS18 swell0="" great0="" acc0="" ped0=""/>
    <FS19 swell0="" great0="" acc0="" ped0=""/>
    <FS20 swell0="" great0="" acc0="" ped0=""/>
    <FS21 swell0="" great0="" acc0="" ped0="2005 Ventil;123"/>
    <FS22 swell0="" great0="" acc0="" ped0=""/>
    <FS23 swell0="" great0="" acc0="" ped0="1078 mSwellZZOct;266"/>
    <FS24 swell0="" great0="" acc0="" ped0="1077 mSwellZZSub;265"/>
    <FS25 swell0="" great0="" acc0="" ped0=""/>
    <FS26 swell0="" great0="" acc0="" ped0="1216 SwellZZto Grt;247"/>
    <FS27 swell0="" great0="" acc0="" ped0="1055 mGreatZZOct;268"/>
    <FS28 swell0="" great0="" acc0="" ped0="1070 mSwellZZto Acc;247"/>
    <FS29 swell0="" great0="" acc0="" ped0="1032 mAccZZOctave;270"/>
    <FS30 swell0="" great0="" acc0="" ped0="1024 mSwellZZto Ped;247"/>
    <FS31 swell0="2302 Ventil;123" great0="2207 Ventil;123" acc0="2114 Ventil;123" ped0="1022 mGreatZZto Ped;248"/>
    <FS32 swell0="" great0="2206 Trem;-2;0;176" acc0="2113 Trem;-2;0;176" ped0="1020 mAccZZto Ped;250"/>
    <playorgan0 song0=""/>
    <PP swell0="" great0="" acc0="" ped0=""/>
    <P swell0="" great0="" acc0="" ped0=""/>
    <MF swell0="" great0="" acc0="" ped0=""/>
    <F swell0="" great0="" acc0="" ped0=""/>
    <FF swell0="" great0="" acc0="" ped0=""/>
    <P1 swell0="" great0="" acc0="" ped0=""/>
    <P2 swell0="" great0="" acc0="" ped0=""/>
    <P3 swell0="" great0="" acc0="" ped0=""/>
    <P4 swell0="" great0="" acc0="" ped0=""/>
    <P5 swell0="" great0="" acc0="" ped0=""/>
    <PP_1 swell0="" great0="" acc0="" ped0=""/>
    <P_1 swell0="" great0="" acc0="" ped0=""/>
    <MF_1 swell0="" great0="" acc0="" ped0=""/>
    <F_1 swell0="" great0="" acc0="" ped0=""/>
    <FF_1 swell0="" great0="" acc0="" ped0=""/>
    <P1_1 swell0="" great0="" acc0="" ped0=""/>
    <P2_1 swell0="" great0="" acc0="" ped0=""/>
    <P3_1 swell0="" great0="" acc0="" ped0=""/>
    <P4_1 swell0="" great0="" acc0="" ped0=""/>
    <P5_1 swell0="" great0="" acc0="" ped0=""/>
    <PP_2 swell0="" great0="" acc0="" ped0=""/>
    <P_2 swell0="" great0="" acc0="" ped0=""/>
    <MF_2 swell0="" great0="" acc0="" ped0=""/>
    <F_2 swell0="" great0="" acc0="" ped0=""/>
    <FF_2 swell0="" great0="" acc0="" ped0=""/>
    <P1_2 swell0="" great0="" acc0="" ped0=""/>
    <P2_2 swell0="" great0="" acc0="" ped0=""/>
    <P3_2 swell0="" great0="" acc0="" ped0=""/>
    <P4_2 swell0="" great0="" acc0="" ped0=""/>
    <P5_2 swell0="" great0="" acc0="" ped0=""/>
    <PP_3 swell0="" great0="" acc0="" ped0=""/>
    <P_3 swell0="" great0="" acc0="" ped0=""/>
    <MF_3 swell0="" great0="" acc0="" ped0=""/>
    <F_3 swell0="" great0="" acc0="" ped0=""/>
    <FF_3 swell0="" great0="" acc0="" ped0=""/>
    <P1_3 swell0="" great0="" acc0="" ped0=""/>
    <P2_3 swell0="" great0="" acc0="" ped0=""/>
    <P3_3 swell0="" great0="" acc0="" ped0=""/>
    <P4_3 swell0="" great0="" acc0="" ped0=""/>
    <P5_3 swell0="" great0="" acc0="" ped0=""/>
</eplayOrganSettings>
