<eplayOrganSettings>
    <organSelector version="3.0" numberoforgans="1" organselected="0" midioutput="None" midifileport="None" stopsport="None" pedport="None" accport="None" greatport="None" swellport="None" windowheight="760" windowwidth="900" windowy="190" windowx="190" immediatestart="0" audiodriver="dsound" audio1="default" audio2="default" audio3="default" audio4="default" translateinput="0" translateoutput="0"/>
    <organ0 organname="HW Engler, Krzeszow" swellchan="4" validswellstop="2301;2302;2303;2304;2305;2306;2307;2308;2309;2310;2311;2312" greatchan="3" validgreatstop="2202;2203;2204;2205;2206;2207;2208;2209;2210;2211;2212;2213;2214;2215" pedchan="1" validpedstop="2001;2002;2003;2004;2005;2006;2007;2008;2009;2010;2011;2012;2013;2014;2015;2016;2017;2401;2402;2403;1111;1011;1006" stopchan="2" stopcode="nrpn" stopopen0="127" stopclose0="0" stopopen1="" stopclose1="" mastercancel="199;127" swellpedal="183;7;183;7" crescpedal="" accchan="2" validaccstop="2102;2103;2104;2105;2106;2107;2108;2109;2110;2111" percchan="" validpercstop="" swellsoundfont="eorg104a900.sf2" greatsoundfont="eorg104a900.sf2" accsoundfont="eorg104a900.sf2" pedsoundfont="eorg104a900.sf2" sysexmfr="" reverb="1" swellbank="0" greatbank="0" accbank="0" pedbank="0" audiogain="0.3" aTouchOn="0"/>
    <FS1 swell0="2304 qPrincipal 8;3;0;31" great0="2210 qPrincipal 8;3;0;31" acc0="2107 qPrincipal 8;3;0;31" ped0="2007 qPrincipal 16;0;0;9"/>
    <FS2 swell0="2311 zTrompet 8;13;0;128" great0="2208 zNachthorn 4;14;0;131" acc0="2104 zHautbois 8;25;+12;127" ped0="2402 zPosaunen 32;61;0;108"/>
    <FS3 swell0="2307 qRohrflaut 8;32;0;43" great0="2202 qBourdon 16;55;0;12" acc0="2103 qFlaut amabile 8;4;0;43" ped0="2003 qMajor 32;52;0;2"/>
    <FS4 swell0="2312 zVox 8;39;0;139" great0="2206 zGemshorn Quint 3;22;+7;76" acc0="" ped0="2401 zPosaunen 16;47;-12;114"/>
    <FS5 swell0="2308 qSalicet 8;19;0;34" great0="2211 qQuintadena 16;44;-12;9" acc0="2102 qFlaut allemande 8;18;0;41" ped0="2015 qViolon 16;42;-12;17"/>
    <FS6 swell0="" great0="2212 qOctave 2;5;+12;84" acc0="" ped0="2403 zTrompet 8;13;0;128"/>
    <FS7 swell0="2303 qOctave 4;5;0;56" great0="2215 qViola di Gamba 16;16;0;9" acc0="2109 qQuintadena 8;44;0;40" ped0="2012 qSub 16;52;+12;116"/>
    <FS8 swell0="" great0="2207 qMixture VI;9;0;100" acc0="" ped0=""/>
    <FS9 swell0="2301 qFlute 4;22;0;63" great0="2204 qFlaut 8;32;0;43" acc0="2106 qOctave 4;5;0;56" ped0="2011 qSalicet 16;30;0;12"/>
    <FS10 swell0="" great0="2203 qCimbel II;10;0;100" acc0="" ped0=""/>
    <FS11 swell0="2306 qQuinta 3;22;+7;76" great0="2205 zGemshorn 8;21;-12;127" acc0="2108 qQuinta 3;22;+7;76" ped0="2008 qQuintaden 16;44;-12;15"/>
    <FS12 swell0="" great0="2214 qUnda maris 8;33;0;40" acc0="" ped0=""/>
    <FS13 swell0="2310 qOctave 2;5;+12;84" great0="2213 qFlaut trav 8;18;0;41" acc0="2111 qOctave 2;5;+12;84" ped0="2005 qOctave 8;56;0;40"/>
    <FS14 swell0="" great0="" acc0="" ped0=""/>
    <FS15 swell0="2305 qQuinta 1 1/2;22;+16;91" great0="2209 qOctave 4;5;0;56" acc0="2110 qSedecima 1;23;0;84" ped0="2001 qFlute 8;32;0;43"/>
    <FS16 swell0="" great0="" acc0="" ped0=""/>
    <FS17 swell0="2309 qSedecima 1;23;0;84" great0="" acc0="2105 qMixture III;9;0;100" ped0="2002 zGemshorn 6;13;0;128"/>
    <FS18 swell0="" great0="" acc0="" ped0=""/>
    <FS19 swell0="" great0="" acc0="" ped0="2014 qOctave 4;5;0;56"/>
    <FS20 swell0="" great0="" acc0="" ped0=""/>
    <FS21 swell0="" great0="" acc0="" ped0="2004 qMixture VI;9;0;100"/>
    <FS22 swell0="" great0="" acc0="" ped0=""/>
    <FS23 swell0="" great0="" acc0="" ped0=""/>
    <FS24 swell0="" great0="" acc0="" ped0=""/>
    <FS25 swell0="" great0="" acc0="" ped0=""/>
    <FS26 swell0="" great0="" acc0="" ped0="1111 Swell to Grt;247"/>
    <FS27 swell0="" great0="" acc0="" ped0=""/>
    <FS28 swell0="" great0="" acc0="" ped0=""/>
    <FS29 swell0="" great0="" acc0="" ped0=""/>
    <FS30 swell0="" great0="" acc0="" ped0="1011 Swell to Ped;247"/>
    <FS31 swell0="" great0="" acc0="" ped0="1006 Grt to Ped;248"/>
    <FS32 swell0="" great0="" acc0="" ped0=""/>
    <playorgan0 song0=""/>
    <PP swell0="" great0="" acc0="" ped0=""/>
    <P swell0="" great0="" acc0="" ped0=""/>
    <MF swell0="" great0="" acc0="" ped0=""/>
    <F swell0="" great0="" acc0="" ped0=""/>
    <FF swell0="" great0="" acc0="" ped0=""/>
    <P1 swell0="" great0="" acc0="" ped0=""/>
    <P2 swell0="" great0="" acc0="" ped0=""/>
    <P3 swell0="" great0="" acc0="" ped0=""/>
    <P4 swell0="" great0="" acc0="" ped0=""/>
    <P5 swell0="" great0="" acc0="" ped0=""/>
</eplayOrganSettings>
