<eplayOrganSettings>
    <organSelector version="3.1" numberoforgans="1" organselected="0" midioutput="None" midifileport="None" stopsport="None" pedport="None" accport="None" greatport="None" swellport="None" windowheight="760" windowwidth="900" windowy="190" windowx="190" immediatestart="0" audiodriver="dsound" audio1="default" audio2="default" audio3="default" audio4="default" translateinput="0" translateoutput="0"/>
    <organ0 organname="Viscount CantataV2-1" swellchan="1" validswellstop="260;2048;2816;523;515;525;1026;770;514;258;772;2560;1793;771;512;1" greatchan="2" validgreatstop="68096;67329;66306;66050;66560;66307;66048;65792;66060;68098;66059;66052;2" pedchan="4" validpedstop="197380;196868;199168;197122;196866;196864;197132;196612;197379;197120;196865;196609;3108865;3108864;3108867" stopchan="" stopcode="sysex" stopopen0="64" stopclose0="0" stopopen1="" stopclose1="" mastercancel="240;49;47;108;0;247" swellpedal="176;11;177;11" accchan="" validaccstop="68096;67329;66306;66050;66560;66307;66048;65792;66060;68098;66059;66052;2" percchan="" validpercstop="" swellsoundfont="eplayUniversalOrgan.sf2" greatsoundfont="eplayUniversalOrgan.sf2" accsoundfont="" pedsoundfont="eplayUniversalOrgan.sf2" sysexmfr="49" reverb="0" swellbank="1" greatbank="1" accbank="0" pedbank="1" audiogain="0.3" trem="120" aTouchOn="0" defaultswellstop="" defaultgreatstop="" defaultaccstop="" defaultpedstop=""/>
    <FS1 swell0="260 zRegalZZ16;25;0;118" great0="68096 qMixtureZZIV;59;0;100" acc0="" ped0="197380 zClarionZZ4;14;0;144"/>
    <FS2 swell0="772 zTrumpetZZ4;13;+12;131" great0="66060 zTrumpetZZ8;13;0;131" acc0="" ped0="197132 zTrumpetZZ8;13;0;128"/>
    <FS3 swell0="525 zOboeZZ8;48;0;133" great0="66560 qOctaveZZ2;23;0;84" acc0="" ped0="196868 zFagotZZ16;25;0;114"/>
    <FS4 swell0="" great0="" acc0="" ped0="196612 zBombardeZZ32;52;0;108"/>
    <FS5 swell0="2048 qTerzZZ1 3/5;45;+16;91" great0="67329 qNazardZZ2 2/3;7;0;76" acc0="" ped0="199168 qMixtureZZV;41;0;100"/>
    <FS6 swell0="2560 qCymbelZZIII;10;0;100" great0="68098 qCornetZZIII;41;0;100" acc0="" ped0="197379 qChoralZZ4;35;0;56"/>
    <FS7 swell0="1026 qFluteZZ2;23;0;84" great0="66307 qOctaveZZ4;5;0;56" acc0="" ped0="197122 qGedaktZZ8;32;0;43"/>
    <FS8 swell0="" great0="" acc0="" ped0="197120 qOctaveZZ8;56;0;40"/>
    <FS9 swell0="2816 qChimes;113;0;161" great0="66306 qFluteZZ4;36;0;63" acc0="" ped0="196866 qGedaktZZ16;55;0;15"/>
    <FS10 swell0="1793 qQuintZZ2 2/3;7;0;76" great0="66059 qCelesteZZ8;20;0;35" acc0="" ped0="196865 qSubbasZZ16;30;0;17"/>
    <FS11 swell0="770 qGedaktZZ4;22;0;63" great0="66048 qPrincipalZZ8;2;0;31" acc0="" ped0="196864 qPrincipalZZ16;0;0;9"/>
    <FS12 swell0="" great0="" acc0="" ped0="196609 qBourdonZZ32;52;0;2"/>
    <FS13 swell0="523 qCelesteZZ8;20;0;35" great0="66050 qGedaktZZ8;32;0;43" acc0="" ped0=""/>
    <FS14 swell0="771 qOctaveZZ4;5;0;56" great0="66052 qDulcianZZ8;4;0;40" acc0="" ped0=""/>
    <FS15 swell0="514 qGedaktZZ8;32;0;43" great0="65792 qPrincipalZZ16;0;0;9" acc0="" ped0=""/>
    <FS16 swell0="" great0="" acc0="" ped0=""/>
    <FS17 swell0="515 qGambaZZ8;42;0;34" great0="" acc0="" ped0=""/>
    <FS18 swell0="512 qPrincipalZZ8;2;0;31" great0="" acc0="" ped0=""/>
    <FS19 swell0="258 qGedaktZZ16;55;0;12" great0="" acc0="" ped0=""/>
    <FS20 swell0="" great0="" acc0="" ped0=""/>
    <FS21 swell0="" great0="" acc0="" ped0=""/>
    <FS22 swell0="" great0="" acc0="" ped0=""/>
    <FS23 swell0="" great0="" acc0="" ped0=""/>
    <FS24 swell0="" great0="" acc0="" ped0=""/>
    <FS25 swell0="" great0="" acc0="" ped0=""/>
    <FS26 swell0="" great0="" acc0="" ped0="3108867 SwellZZto Grt;247"/>
    <FS27 swell0="" great0="" acc0="" ped0=""/>
    <FS28 swell0="" great0="" acc0="" ped0=""/>
    <FS29 swell0="" great0="" acc0="" ped0=""/>
    <FS30 swell0="" great0="" acc0="" ped0="3108864 SwellZZto Ped;247"/>
    <FS31 swell0="" great0="" acc0="" ped0="3108865 GreatZZto Ped;248"/>
    <FS32 swell0="1 Trem;-2;0;176" great0="2 Trem;-2;0;176" acc0="" ped0=""/>
    <playorgan0 song0=""/>
    <PP swell0="" great0="" acc0="" ped0=""/>
    <P swell0="" great0="" acc0="" ped0=""/>
    <MF swell0="" great0="" acc0="" ped0=""/>
    <F swell0="" great0="" acc0="" ped0=""/>
    <FF swell0="" great0="" acc0="" ped0=""/>
    <P1 swell0="" great0="" acc0="" ped0=""/>
    <P2 swell0="" great0="" acc0="" ped0=""/>
    <P3 swell0="" great0="" acc0="" ped0=""/>
    <P4 swell0="" great0="" acc0="" ped0=""/>
    <P5 swell0="" great0="" acc0="" ped0=""/>
    <PP_1 swell0="" great0="" acc0="" ped0=""/>
    <P_1 swell0="" great0="" acc0="" ped0=""/>
    <MF_1 swell0="" great0="" acc0="" ped0=""/>
    <F_1 swell0="" great0="" acc0="" ped0=""/>
    <FF_1 swell0="" great0="" acc0="" ped0=""/>
    <P1_1 swell0="" great0="" acc0="" ped0=""/>
    <P2_1 swell0="" great0="" acc0="" ped0=""/>
    <P3_1 swell0="" great0="" acc0="" ped0=""/>
    <P4_1 swell0="" great0="" acc0="" ped0=""/>
    <P5_1 swell0="" great0="" acc0="" ped0=""/>
    <PP_2 swell0="" great0="" acc0="" ped0=""/>
    <P_2 swell0="" great0="" acc0="" ped0=""/>
    <MF_2 swell0="" great0="" acc0="" ped0=""/>
    <F_2 swell0="" great0="" acc0="" ped0=""/>
    <FF_2 swell0="" great0="" acc0="" ped0=""/>
    <P1_2 swell0="" great0="" acc0="" ped0=""/>
    <P2_2 swell0="" great0="" acc0="" ped0=""/>
    <P3_2 swell0="" great0="" acc0="" ped0=""/>
    <P4_2 swell0="" great0="" acc0="" ped0=""/>
    <P5_2 swell0="" great0="" acc0="" ped0=""/>
    <PP_3 swell0="" great0="" acc0="" ped0=""/>
    <P_3 swell0="" great0="" acc0="" ped0=""/>
    <MF_3 swell0="" great0="" acc0="" ped0=""/>
    <F_3 swell0="" great0="" acc0="" ped0=""/>
    <FF_3 swell0="" great0="" acc0="" ped0=""/>
    <P1_3 swell0="" great0="" acc0="" ped0=""/>
    <P2_3 swell0="" great0="" acc0="" ped0=""/>
    <P3_3 swell0="" great0="" acc0="" ped0=""/>
    <P4_3 swell0="" great0="" acc0="" ped0=""/>
    <P5_3 swell0="" great0="" acc0="" ped0=""/>
</eplayOrganSettings>
