<eplayOrganSettings>
    <organSelector version="3.1" numberoforgans="1" organselected="0" midioutput="None" midifileport="None" stopsport="None" pedport="None" accport="None" greatport="None" swellport="None" windowheight="760" windowwidth="900" windowy="190" windowx="190" immediatestart="0" audiodriver="dsound" audio1="default" audio2="default" audio3="default" audio4="default" translateinput="0" translateoutput="0"/>
    <organ0 organname="HW Crakow St John CantiusV1-2" swellchan="4" validswellstop="2301;2302;2303;2304;2305;2306;2307;2308;2309;2310;2311;2312;1730" greatchan="3" validgreatstop="2201;2202;2203;2204;2205;2206;2207;2208;2209;2210;1720" pedchan="1" validpedstop="2001;2002;2003;2004;2005;2006;1101;1111;1116;1201;1216;1301;1032;1055;1077;1078" stopchan="2;1" stopcode="nrpn" stopopen0="127" stopclose0="0" stopopen1="" stopclose1="" mastercancel="199;127" swellpedal="179;11;183;7" crescpedal="" accchan="2" validaccstop="2101;2102;2103;2104;2105;2106;2107;2108;2109;2110;2111;2112" percchan="" validpercstop="" swellsoundfont="eorg104a900.sf2" greatsoundfont="eorg104a900.sf2" accsoundfont="eorg104a900.sf2" pedsoundfont="eorg104a900.sf2" sysexmfr="" reverb="1" swellbank="0" greatbank="0" accbank="0" pedbank="0" audiogain="0.3" trem="120" aTouchOn="0" defaultswellstop="" defaultgreatstop="" defaultaccstop="" defaultpedstop=""/>
    <FS1 swell0="2301 qFlute 8;32;0;43" great0="2201 qCor de Nuit 8;3;0;31" acc0="2101 qBourdon 16;55;0;15" ped0="2001 qContrabas 16;53;0;116"/>
    <FS2 swell0="" great0="" acc0="" ped0=""/>
    <FS3 swell0="2302 qBourdon 8;19;0;40" great0="2202 qSalicional 8;19;0;37" acc0="2102 qMontre 8;2;0;31" ped0="2002 qSoubas 16;52;+12;115"/>
    <FS4 swell0="" great0="" acc0="" ped0=""/>
    <FS5 swell0="2303 qAeoline 8;31;0;31" great0="2203 qUnda Maris 8;33;0;35" acc0="2103 qFlute 8;32;0;43" ped0="2003 qOctave 8;56;0;31"/>
    <FS6 swell0="" great0="" acc0="" ped0=""/>
    <FS7 swell0="2304 qCeleste 8;20;0;35" great0="2204 zClarinet 8;49;0;132" acc0="2104 qBourdon 8;16;+12;40" ped0="2004 qCello 8;42;0;34"/>
    <FS8 swell0="" great0="" acc0="" ped0=""/>
    <FS9 swell0="2305 qFlute 4;36;0;63" great0="2205 qPrestant 4;6;0;56" acc0="2105 qGambe 8;42;0;37" ped0="2005 qFlute 4;36;0;56"/>
    <FS10 swell0="" great0="" acc0="" ped0=""/>
    <FS11 swell0="2306 qFugura 4;35;0;56" great0="2206 qDolce 4;21;0;63" acc0="2106 qPrestant 4;6;0;56" ped0="2006 zBombard 16;61;0;116"/>
    <FS12 swell0="" great0="" acc0="" ped0=""/>
    <FS13 swell0="2307 qDoublet 2;23;0;84" great0="2207 qNazard 2 2/3;7;0;76" acc0="2107 qFlute 4;36;0;63" ped0=""/>
    <FS14 swell0="" great0="" acc0="" ped0=""/>
    <FS15 swell0="2308 qAethera IV;10;0;100" great0="2208 qOctave 2;5;+12;84" acc0="2108 qDoublet 2;23;0;84" ped0=""/>
    <FS16 swell0="" great0="" acc0="" ped0=""/>
    <FS17 swell0="2309 zBassoon 16;25;0;128" great0="2209 qTierce 1 3/5;32;+28;91" acc0="2109 qCornet V;41;0;100" ped0=""/>
    <FS18 swell0="" great0="" acc0="" ped0=""/>
    <FS19 swell0="2310 zTrumpet 8;13;0;131" great0="2210 zCromorn 8;50;0;127" acc0="2110 qPlein Jeu ;9;0;100" ped0=""/>
    <FS20 swell0="" great0="" acc0="" ped0=""/>
    <FS21 swell0="2311 zHautbois 8;62;0;127" great0="" acc0="2111zTrumpet 8;13;0;131" ped0=""/>
    <FS22 swell0="" great0="" acc0="" ped0=""/>
    <FS23 swell0="2312 zClarion 4;14;0;144" great0="" acc0="2112zClarion 4;14;0;132" ped0="1078 mSwell Oct;266"/>
    <FS24 swell0="" great0="" acc0="" ped0="1077 mSwell Sub;265"/>
    <FS25 swell0="" great0="" acc0="" ped0=""/>
    <FS26 swell0="" great0="" acc0="" ped0="1216 Swell to Grt;247"/>
    <FS27 swell0="" great0="" acc0="" ped0="1055 mGreat Oct;268"/>
    <FS28 swell0="" great0="" acc0="" ped0="1116 Swell to Acc;247"/>
    <FS29 swell0="" great0="" acc0="" ped0="1032 mAcc Oct;270"/>
    <FS30 swell0="" great0="" acc0="" ped0="1301 Swell to Ped;247"/>
    <FS31 swell0="1730 Trem;-2;0;176" great0="1720 Trem;-2;0;176" acc0="" ped0="1201 Grt to Ped;248"/>
    <FS32 swell0="" great0="" acc0="" ped0="1101 Acc to Ped;250"/>
    <playorgan0 song0=""/>
    <PP swell0="" great0="" acc0="" ped0=""/>
    <P swell0="" great0="" acc0="" ped0=""/>
    <MF swell0="" great0="" acc0="" ped0=""/>
    <F swell0="" great0="" acc0="" ped0=""/>
    <FF swell0="" great0="" acc0="" ped0=""/>
    <P1 swell0="" great0="" acc0="" ped0=""/>
    <P2 swell0="" great0="" acc0="" ped0=""/>
    <P3 swell0="" great0="" acc0="" ped0=""/>
    <P4 swell0="" great0="" acc0="" ped0=""/>
    <P5 swell0="" great0="" acc0="" ped0=""/>
    <PP_1 swell0="" great0="" acc0="" ped0=""/>
    <P_1 swell0="" great0="" acc0="" ped0=""/>
    <MF_1 swell0="" great0="" acc0="" ped0=""/>
    <F_1 swell0="" great0="" acc0="" ped0=""/>
    <FF_1 swell0="" great0="" acc0="" ped0=""/>
    <P1_1 swell0="" great0="" acc0="" ped0=""/>
    <P2_1 swell0="" great0="" acc0="" ped0=""/>
    <P3_1 swell0="" great0="" acc0="" ped0=""/>
    <P4_1 swell0="" great0="" acc0="" ped0=""/>
    <P5_1 swell0="" great0="" acc0="" ped0=""/>
    <PP_2 swell0="" great0="" acc0="" ped0=""/>
    <P_2 swell0="" great0="" acc0="" ped0=""/>
    <MF_2 swell0="" great0="" acc0="" ped0=""/>
    <F_2 swell0="" great0="" acc0="" ped0=""/>
    <FF_2 swell0="" great0="" acc0="" ped0=""/>
    <P1_2 swell0="" great0="" acc0="" ped0=""/>
    <P2_2 swell0="" great0="" acc0="" ped0=""/>
    <P3_2 swell0="" great0="" acc0="" ped0=""/>
    <P4_2 swell0="" great0="" acc0="" ped0=""/>
    <P5_2 swell0="" great0="" acc0="" ped0=""/>
    <PP_3 swell0="" great0="" acc0="" ped0=""/>
    <P_3 swell0="" great0="" acc0="" ped0=""/>
    <MF_3 swell0="" great0="" acc0="" ped0=""/>
    <F_3 swell0="" great0="" acc0="" ped0=""/>
    <FF_3 swell0="" great0="" acc0="" ped0=""/>
    <P1_3 swell0="" great0="" acc0="" ped0=""/>
    <P2_3 swell0="" great0="" acc0="" ped0=""/>
    <P3_3 swell0="" great0="" acc0="" ped0=""/>
    <P4_3 swell0="" great0="" acc0="" ped0=""/>
    <P5_3 swell0="" great0="" acc0="" ped0=""/>
</eplayOrganSettings>
