<eplayOrganSettings>
    <organSelector version="3.1" numberoforgans="1" organselected="0" midioutput="None" midifileport="None" stopsport="None" pedport="None" accport="None" greatport="None" swellport="None" windowheight="760" windowwidth="900" windowy="190" windowx="190" immediatestart="0" audiodriver="dsound" audio1="default" audio2="default" audio3="default" audio4="default" translateinput="0" translateoutput="0"/>
    <organ0 organname="Allen Generic Theatre Organ (TH302)V2-1" swellchan="4" validswellstop="127;128;31;40;132;135;37;138;64;76;84;162;163;176;251;269;270;271" greatchan="1" validgreatstop="113;115;9;13;17;118;120;121;127;128;31;41;132;135;37;42;139;53;56;64;59;65;77;84;91;98;162;163;176;266" pedchan="3" validpedstop="115;9;12;128;31;40;132;42;202;203;247;248;251;266;268;269;270;271" stopchan="" stopcode="nrpn" stopopen0="127" stopclose0="0" stopopen1="" stopclose1="" mastercancel="199;127" swellpedal="176;7;177;7" accchan="2" validaccstop="127;128;31;40;132;37;42;139;56;63;59;65;166;176;205;208;210;207;216;251;268" percchan="" validpercstop="" swellsoundfont="eplayUniversalOrgan.sf2" greatsoundfont="eplayUniversalOrgan.sf2" accsoundfont="eplayUniversalOrgan.sf2" pedsoundfont="eplayUniversalOrgan.sf2" sysexmfr="" reverb="0" swellbank="0" greatbank="0" accbank="0" pedbank="0" audiogain="0.3" trem="50" aTouchOn="0" defaultswellstop="" defaultgreatstop="" defaultaccstop="" defaultpedstop=""/>
    <FS1 swell0="127 zHornZZ8;0;0;127" great0="113 zHornZZ16;0;-12;114" acc0="127 zHornZZ8;0;0;127" ped0="115 zHornZZ16;0;-12;115"/>
    <FS2 swell0="162 qGlock;103;0;162" great0="139 zVoxZZ8;39;0;139" acc0="166 qChrysoglot;108;0;166" ped0="202 qBassZZDrum;P;36;202"/>
    <FS3 swell0="128 zTubaZZ8;6;0;128" great0="115 zTubaZZ16;6;-12;115" acc0="128 zTubaZZ8;6;0;128" ped0="9 qDiapasonZZ16;10;-12;9"/>
    <FS4 swell0="163 qXylophone;105;0;163" great0="53 qFifthZZ5 1/3;44;+7;53" acc0="205 qSnareZZDrum;P;38;205" ped0="203 qCymbal;P;53;203"/>
    <FS5 swell0="31 qDiapasonZZ8;10;0;31" great0="9 qDiapasonZZ16;10;-12;9" acc0="31 qDiapasonZZ8;10;0;31" ped0="12 qTibiaZZ16;18;-12;12"/>
    <FS6 swell0="" great0="56 qOctaveZZ4;10;+12;56" acc0="208 qCastanets;P;85;208" ped0=""/>
    <FS7 swell0="40 qTibiaZZ8;18;0;40" great0="13 qTibiaZZ16;18;-12;12" acc0="40 qTibiaZZ8;18;0;40" ped0="128 zTubaZZ8;6;0;128"/>
    <FS8 swell0="" great0="64 qPiccoloZZ4;44;+12;63" acc0="210 qWoodZZBlock;P;76;210" ped0=""/>
    <FS9 swell0="132 zClarinetZZ8;32;0;132" great0="118 zClarinetZZ16;32;-12;118" acc0="132 zClarinetZZ8;32;0;132" ped0="31 qDiapasonZZ8;10;0;31"/>
    <FS10 swell0="" great0="" acc0="" ped0=""/>
    <FS11 swell0="135 zOboeZZ8;33;0;133" great0="120 zOboeZZ16;33;-12;118" acc0="37 yViolinZZ8;25;0;37" ped0="40 qTibiaZZ8;18;0;40"/>
    <FS12 swell0="" great0="59 yViolinZZ4;25;+12;59" acc0="207 qTambourine;P;54;207" ped0=""/>
    <FS13 swell0="37 yViolinZZ8;25;0;34" great0="17 yViolinZZ16;25;-12;35" acc0="42 qFluteZZ8;46;0;43" ped0="132 zClarinetZZ8;32;0;144"/>
    <FS14 swell0="" great0="65 qFluteZZ4;44;+12;63" acc0="216 qBrush;P;53" ped0=""/>
    <FS15 swell0="138 zVoxZZ8;39;0;139" great0="121 zVozZZ16;39;-12;139" acc0="139 zVoxZZ8;39;0;139" ped0="42 qFluteZZ8;46;0;43"/>
    <FS16 swell0="" great0="77 qTwelfthZZ2 2/3;44;+19;76" acc0="" ped0=""/>
    <FS17 swell0="64 qPiccoloZZ4;44;+12;63" great0="127 zHornZZ8;0;0;127" acc0="56 qOctaveZZ4;10;+12;56" ped0=""/>
    <FS18 swell0="" great0="84 qPiccoloZZ2;44;+24;84" acc0="" ped0=""/>
    <FS19 swell0="76 q12thZZ2 2/3;44;+19;76" great0="128 zTubaZZ8;6;0;128" acc0="63 qPiccoloZZ4;44;+12;63" ped0=""/>
    <FS20 swell0="" great0="91 qTierceZZ1 3/5;44;+28;91" acc0="" ped0=""/>
    <FS21 swell0="84 qPiccoloZZ2;44;+24;84" great0="31 qDiapasonZZ8;10;0;31" acc0="59 yViolinZZ4;25;+12;37" ped0=""/>
    <FS22 swell0="" great0="98 qFluteZZ1;44;+36;84" acc0="" ped0=""/>
    <FS23 swell0="" great0="41 qTibiaZZ8;18;0;41" acc0="65 qFluteZZ4;46;+12;63" ped0="270 SwellZZOct;266"/>
    <FS24 swell0="" great0="162 qGlock;103;0;162" acc0="" ped0="269 SwellZZSub;265"/>
    <FS25 swell0="" great0="132 zClarinetZZ8;32;0;132" acc0="" ped0="271 SwellZZUni Off;271"/>
    <FS26 swell0="" great0="163 qXylophone;105;0;163" acc0="" ped0="251 SwellZZto Gr;247"/>
    <FS27 swell0="" great0="135 zOboeZZ8;33;0;133" acc0="" ped0="266 GreatZZOct;268"/>
    <FS28 swell0="" great0="" acc0="" ped0="251 SwellZZto Acc;247"/>
    <FS29 swell0="" great0="37 yViolinZZ8;25;0;37" acc0="" ped0="268 AccompZZOct;270"/>
    <FS30 swell0="" great0="" acc0="" ped0="251 SwellZZto Ped;247"/>
    <FS31 swell0="" great0="42 qFluteZZ8;46;0;43" acc0="" ped0="247 GreatZZto Ped;248"/>
    <FS32 swell0="176 Trem;-2;0;176" great0="176 Trem;-2;0;176" acc0="176 Trem;-2;0;176" ped0="248 AccompZZto Ped;250"/>
    <playorgan0 song0=""/>
    <PP swell0="" great0="" acc0="" ped0=""/>
    <P swell0="" great0="" acc0="" ped0=""/>
    <MF swell0="" great0="" acc0="" ped0=""/>
    <F swell0="" great0="" acc0="" ped0=""/>
    <FF swell0="" great0="" acc0="" ped0=""/>
    <P1 swell0="" great0="" acc0="" ped0=""/>
    <P2 swell0="" great0="" acc0="" ped0=""/>
    <P3 swell0="" great0="" acc0="" ped0=""/>
    <P4 swell0="" great0="" acc0="" ped0=""/>
    <P5 swell0="" great0="" acc0="" ped0=""/>
    <PP_1 swell0="" great0="" acc0="" ped0=""/>
    <P_1 swell0="" great0="" acc0="" ped0=""/>
    <MF_1 swell0="" great0="" acc0="" ped0=""/>
    <F_1 swell0="" great0="" acc0="" ped0=""/>
    <FF_1 swell0="" great0="" acc0="" ped0=""/>
    <P1_1 swell0="" great0="" acc0="" ped0=""/>
    <P2_1 swell0="" great0="" acc0="" ped0=""/>
    <P3_1 swell0="" great0="" acc0="" ped0=""/>
    <P4_1 swell0="" great0="" acc0="" ped0=""/>
    <P5_1 swell0="" great0="" acc0="" ped0=""/>
    <PP_2 swell0="" great0="" acc0="" ped0=""/>
    <P_2 swell0="" great0="" acc0="" ped0=""/>
    <MF_2 swell0="" great0="" acc0="" ped0=""/>
    <F_2 swell0="" great0="" acc0="" ped0=""/>
    <FF_2 swell0="" great0="" acc0="" ped0=""/>
    <P1_2 swell0="" great0="" acc0="" ped0=""/>
    <P2_2 swell0="" great0="" acc0="" ped0=""/>
    <P3_2 swell0="" great0="" acc0="" ped0=""/>
    <P4_2 swell0="" great0="" acc0="" ped0=""/>
    <P5_2 swell0="" great0="" acc0="" ped0=""/>
    <PP_3 swell0="" great0="" acc0="" ped0=""/>
    <P_3 swell0="" great0="" acc0="" ped0=""/>
    <MF_3 swell0="" great0="" acc0="" ped0=""/>
    <F_3 swell0="" great0="" acc0="" ped0=""/>
    <FF_3 swell0="" great0="" acc0="" ped0=""/>
    <P1_3 swell0="" great0="" acc0="" ped0=""/>
    <P2_3 swell0="" great0="" acc0="" ped0=""/>
    <P3_3 swell0="" great0="" acc0="" ped0=""/>
    <P4_3 swell0="" great0="" acc0="" ped0=""/>
    <P5_3 swell0="" great0="" acc0="" ped0=""/>
</eplayOrganSettings>
