<eplayOrganSettings>
    <organSelector version="3.0" numberoforgans="1" organselected="0" midioutput="None" midifileport="None" stopsport="None" pedport="None" accport="None" greatport="None" swellport="None" windowheight="760" windowwidth="900" windowy="190" windowx="190" immediatestart="0" audiodriver="dsound" audio1="default" audio2="default" audio3="default" audio4="default" translateinput="0" translateoutput="0"/>
    <organ0 organname="HW Casavant 3742 BellevueV1" swellchan="4" validswellstop="2301;2302;2303;2304;2305;2307;2308;2309;2310;2311;2312;2313;2314;2315;2316;2317;2318;2319;2320" greatchan="3" validgreatstop="2101;2102;2103;2104;2105;2106;2107;2108;2110;2111;2112;2113;2114;2115;2116;2117" pedchan="1" validpedstop="2001;2002;2003;2004;2005;2006;2007;2008;2009;2010;2011;2012;2013;2014;2015;2016;2017;2018;2019;2020;2022;2023;2024;1006;1011;1016;1032;1055;1077;1078;1116;1216;2306" stopchan="2;1" stopcode="nrpn" stopopen0="127" stopclose0="" stopopen1="" stopclose1="" mastercancel="199;127" swellpedal="183;7;183;7" crescpedal="" accchan="2" validaccstop="2201;2202;2203;2204;2205;2206;2207;2208;2209;2210;2211;2212;2213;2214;2216;2217;2218" percchan="" validpercstop="" swellsoundfont="eorg104a900.sf2" greatsoundfont="eorg104a900.sf2" accsoundfont="eorg104a900.sf2" pedsoundfont="eorg104a900.sf2" sysexmfr="" reverb="1" swellbank="0" greatbank="0" accbank="0" pedbank="0" audiogain="0.3" aTouchOn="0"/>
    <FS1 swell0="2315 qBourdon 16;55;0;15" great0="2117 qViolin 16;30;0;12" acc0="2218 qPrincipal 8;2;0;31" ped0="2010 qSubbas 32;52;0;9"/>
    <FS2 swell0="" great0="2113 zChimes;113;0;161" acc0="" ped0="2024 qBourdon 32;55;-12;2"/>
    <FS3 swell0="2305 qDiapason 8;3;0;31" great0="2112 qMontre 8;2;0;31" acc0="2204 qBourdon 8;55;+12;41" ped0="2005 qMontre 16;53;0;9"/>
    <FS4 swell0="2314 qFlute 8;32;0;43" great0="2104 qFlute 8;32;0;43" acc0="2214 zVox 8;39;0;139" ped0="2015 qBass 16;55;0;15"/>
    <FS5 swell0="2310 qViol 8;42;0;34" great0="2108 qViolin 8;42;0;37" acc0="2209 qFlute 8;32;0;43" ped0="2009 qViolin 16;30;0;17"/>
    <FS6 swell0="2320 qCeleste 8;20;0;35" great0="2107 qH Flute 8;18;0;43" acc0="2205 qCeleste 8;20;0;40" ped0="2019 qSubbas 16;52;+12;115"/>
    <FS7 swell0="2304 qOctave 4;5;0;56" great0="2116 qPrestant 4;31;+12;56" acc0="2213 qPrincipal 4;35;0;56" ped0="2023 qBourdon 16;55;0;15"/>
    <FS8 swell0="2309 qFlute 4;36;0;63" great0="2103 qFlute 4;36;0;63" acc0="2208 qFlute 4;36;0;63" ped0="2004 qOctave 8;56;0;40"/>
    <FS9 swell0="2313 qNazard 2;7;0;76" great0="2115 qDoublet 2;23;0;84" acc0="2217 qDoublet 2;23;0;84" ped0="2018 qC Flute 8;57;0;43"/>
    <FS10 swell0="2319 qNazard 2 2/3;7;0;76" great0="2111 qQuint 2 2/3;7;0;76" acc0="2203 qLarigot 1 1/3;32;+31;95" ped0="2014 qFlute 8;57;0;43"/>
    <FS11 swell0="2308 qPiccolo 1;23;+12;84" great0="2106 qMixture IV;9;0;100" acc0="2216 qCymbale IV;10;0;100" ped0="2008 qOctave 4;5;0;56"/>
    <FS12 swell0="2318 qTierce 1 3/5;32;+28;91" great0="2102 qCornet III;41;0;100" acc0="2212 qAltera II;9;0;100" ped0="2022 qFlute 4;22;0;56"/>
    <FS13 swell0="2303 qPlein Jeu V;10;0;100" great0="2110 zBombard 16;55;0;118" acc0="2207 qDoucaine 16;30;0;17" ped0="2003 qMixture V;9;0;100"/>
    <FS14 swell0="" great0="" acc0="2210 zBombard 16;55;0;118" ped0="2013 qTheorbe III;9;0;100"/>
    <FS15 swell0="2312 zBasson 16;25;0;118" great0="2114 zTrumpet 8;13;0;131" acc0="2202 zCromorne 8;50;0;127" ped0="2007 zTrombone 32;60;0;108"/>
    <FS16 swell0="2316 zE Trumpet 8;13;0;131" great0="2101 zE Trumpet 8;13;0;131" acc0="2206 zE Trumpet 8;13;0;131" ped0="2012 zBombard 16;55;0;116"/>
    <FS17 swell0="2317 zTrumpet 8;13;0;131" great0="2105 zClarion 4;14;0;144" acc0="" ped0="2002 zTrombone 16;61;0;114"/>
    <FS18 swell0="2302 zHautbois 8;25;+12;128" great0="" acc0="2201 zE Clarion 4;14;0;144" ped0="2017 zDoucaune 16;61;0;114"/>
    <FS19 swell0="2311 zClarion 4;14;0;144" great0="" acc0="" ped0="2006 zTrumpet 8;13;0;131"/>
    <FS20 swell0="2307 zVox  8;39;0;139" great0="" acc0="" ped0="2016 zE Trumpet 8;13;0;131"/>
    <FS21 swell0="" great0="" acc0="" ped0="2001 zClarion 4;14;0;144"/>
    <FS22 swell0="" great0="" acc0="" ped0="2011 zE Clarion 4;14;0;144"/>
    <FS23 swell0="" great0="" acc0="" ped0="1078 mSwell Oct;266"/>
    <FS24 swell0="" great0="" acc0="" ped0="1077 mSwell Sub;265"/>
    <FS25 swell0="" great0="" acc0="" ped0="2306 Sw Uni Off;271"/>
    <FS26 swell0="" great0="" acc0="" ped0="1116 Swell to Gr;247"/>
    <FS27 swell0="" great0="" acc0="" ped0="1055 mGreat Oct;268"/>
    <FS28 swell0="" great0="" acc0="" ped0="1216 Swell to Acc;247"/>
    <FS29 swell0="" great0="" acc0="" ped0="1032 mAcc Oct;270"/>
    <FS30 swell0="" great0="" acc0="" ped0="1016 Swell to Ped;247"/>
    <FS31 swell0="" great0="" acc0="" ped0="1006 Grt to Ped;248"/>
    <FS32 swell0="2301 Trem;123;0;176" great0="" acc0="2211 Trem;123;0;176" ped0="1011 Acc to Ped;250"/>
    <playorgan0 song0=""/>
    <PP swell0="" great0="" acc0="" ped0=""/>
    <P swell0="" great0="" acc0="" ped0=""/>
    <MF swell0="" great0="" acc0="" ped0=""/>
    <F swell0="" great0="" acc0="" ped0=""/>
    <FF swell0="" great0="" acc0="" ped0=""/>
    <P1 swell0="" great0="" acc0="" ped0=""/>
    <P2 swell0="" great0="" acc0="" ped0=""/>
    <P3 swell0="" great0="" acc0="" ped0=""/>
    <P4 swell0="" great0="" acc0="" ped0=""/>
    <P5 swell0="" great0="" acc0="" ped0=""/>
</eplayOrganSettings>
