<eplayOrganSettings>
    <organSelector version="3.0" numberoforgans="1" organselected="0" midioutput="None" midifileport="None" stopsport="None" pedport="None" accport="None" greatport="None" swellport="None" windowheight="760" windowwidth="900" windowy="190" windowx="190" immediatestart="0" audiodriver="dsound" audio1="default" audio2="default" audio3="default" audio4="default" translateinput="0" translateoutput="0"/>
    <organ0 organname="HW Klapmeyer, Altenbruch" swellchan="4" validswellstop="2301;2302;2303;2304;2305;2306;2307;2308" greatchan="3" validgreatstop="2201;2202;2203;2204;2205;2206;2207;2208;2209;2210;2211" pedchan="1" validpedstop="2001;2002;2003;2004;2005;2006;2007;2008;2009;1216;1020;1022;1024;1032;1055;1070;1077;1078" stopchan="2;1" stopcode="nrpn" stopopen0="127" stopclose0="0" stopopen1="" stopclose1="" mastercancel="199;127" swellpedal="183;7;183;7" crescpedal="" accchan="2" validaccstop="2101;2102;2103;2104;2105;2106;2107;2108;2109;2110;2111;2112;2113;2114" percchan="" validpercstop="" swellsoundfont="eorg104a900.sf2" greatsoundfont="eorg104a900.sf2" accsoundfont="eorg104a900.sf2" pedsoundfont="eorg104a900.sf2" sysexmfr="" reverb="1" swellbank="0" greatbank="0" accbank="0" pedbank="0" audiogain="0.3" aTouchOn="0"/>
    <FS1 swell0="2305 qGedakt 8;32;0;43" great0="2205 qPrincipal 8;2;0;31" acc0="2107 qPrincipal 8;2;0;31" ped0="2004 zUntersatz 16;55;0;116"/>
    <FS2 swell0="2306 qGedakt 4;36;0;63" great0="2211 qQuintaden 16;44;-12;17" acc0="2101 qGedakt 8;32;0;43" ped0="2008 qGedakt 8;32;0;43"/>
    <FS3 swell0="2304 qOctave 2;23;0;84" great0="2210 qOctave 4;5;0;56" acc0="2102 qOctave 4;5;0;56" ped0="2009 qPrincipal 8;2;0;31"/>
    <FS4 swell0="2307 qQuint 1 1/2;45;+16;91" great0="2204 qGedakt 8;32;0;43" acc0="2108 qQuint 8;44;0;41" ped0="2002 zPosaun 16;11;0;114"/>
    <FS5 swell0="2303 qScharf III;9;0;100" great0="2209 qMixture V;9;0;100" acc0="2109 qNazat 3;7;0;76" ped0="2003 qOctave 4;5;0;56"/>
    <FS6 swell0="2308 qRegal 8;4;0;35" great0="2203 qFlute 2;23;0;84" acc0="2104 qGedakt 4;36;0;63" ped0="2006 zTrometh 8;13;0;131"/>
    <FS7 swell0="" great0="2202 qCymbel III;10;0;100" acc0="2110 qOctave 2;37;0;80" ped0="2007 qMixture IV;9;0;100"/>
    <FS8 swell0="" great0="2201 zVox 8;39;0;139" acc0="2103 qFlute 2;23;0;84" ped0="2001 qCornet II;41;0;100"/>
    <FS9 swell0="2301 zCimbelstern;123;0;163" great0="2208 zTrometh 8;13;0;131" acc0="2105 qMixture IV;9;0;100" ped0=""/>
    <FS10 swell0="" great0="" acc0="2111 qSexqui 2;37;0;80" ped0=""/>
    <FS11 swell0="" great0="" acc0="2112 qDulcian 16;4;-12;15" ped0=""/>
    <FS12 swell0="" great0="" acc0="2106 zKrumhorn 8;26;0;127" ped0=""/>
    <FS13 swell0="" great0="" acc0="" ped0=""/>
    <FS14 swell0="" great0="" acc0="" ped0=""/>
    <FS15 swell0="" great0="" acc0="" ped0=""/>
    <FS16 swell0="" great0="" acc0="" ped0=""/>
    <FS17 swell0="" great0="" acc0="" ped0=""/>
    <FS18 swell0="" great0="" acc0="" ped0=""/>
    <FS19 swell0="" great0="" acc0="" ped0=""/>
    <FS20 swell0="" great0="" acc0="" ped0=""/>
    <FS21 swell0="" great0="" acc0="" ped0="2005 Ventil;123"/>
    <FS22 swell0="" great0="" acc0="" ped0=""/>
    <FS23 swell0="" great0="" acc0="" ped0="1078 mSwell Oct;266"/>
    <FS24 swell0="" great0="" acc0="" ped0="1077 mSwell Sub;265"/>
    <FS25 swell0="" great0="" acc0="" ped0=""/>
    <FS26 swell0="" great0="" acc0="" ped0="1216 Swell to Grt;247"/>
    <FS27 swell0="" great0="" acc0="" ped0="1055 mGreat Oct;268"/>
    <FS28 swell0="" great0="" acc0="" ped0="1070 mSwell to Acc;247"/>
    <FS29 swell0="" great0="" acc0="" ped0="1032 mAcc Octave;270"/>
    <FS30 swell0="" great0="" acc0="" ped0="1024 mSwell to Ped;247"/>
    <FS31 swell0="2302 Ventil;123" great0="2207 Ventil;123" acc0="2114 Ventil;123" ped0="1022 mGrt to Ped;248"/>
    <FS32 swell0="" great0="2206 Trem;123;0;500" acc0="2113 Trem;123;0;500" ped0="1020 mAcc to Ped;250"/>
    <playorgan0 song0=""/>
    <PP swell0="" great0="" acc0="" ped0=""/>
    <P swell0="" great0="" acc0="" ped0=""/>
    <MF swell0="" great0="" acc0="" ped0=""/>
    <F swell0="" great0="" acc0="" ped0=""/>
    <FF swell0="" great0="" acc0="" ped0=""/>
    <P1 swell0="" great0="" acc0="" ped0=""/>
    <P2 swell0="" great0="" acc0="" ped0=""/>
    <P3 swell0="" great0="" acc0="" ped0=""/>
    <P4 swell0="" great0="" acc0="" ped0=""/>
    <P5 swell0="" great0="" acc0="" ped0=""/>
</eplayOrganSettings>
