<eplayOrganSettings>
    <organSelector version="3.1" numberoforgans="1" organselected="0" midioutput="None" midifileport="None" stopsport="None" pedport="None" accport="None" greatport="None" swellport="None" windowheight="760" windowwidth="900" windowy="190" windowx="190" immediatestart="0" audiodriver="dsound" audio1="default" audio2="default" audio3="default" audio4="default" translateinput="0" translateoutput="0"/>
    <organ0 organname="HW Silbermann Freiberg(sysex)V2-1" swellchan="3" validswellstop="12010;12011;12012;12013;12014;12015;12016;12019;12020;12021;12022;12023;12024;12092" greatchan="2" validgreatstop="12001;12002;12003;12004;12005;12006;12007;12028;12029;12030;12031;12032;12033;12036;12093" pedchan="1" validpedstop="12008;12009;12018;12025;12027;12034;12035" stopchan="2" stopcode="sysex" stopopen0="16" stopclose0="17" stopopen1="" stopclose1="" mastercancel="199;127" swellpedal="183;7;183;7" accchan="" validaccstop="" percchan="" validpercstop="" swellsoundfont="eplayUniversalOrgan.sf2" greatsoundfont="eplayUniversalOrgan.sf2" accsoundfont="" pedsoundfont="eplayUniversalOrgan.sf2" sysexmfr="125;57;114" reverb="0" swellbank="1" greatbank="1" accbank="0" pedbank="1" audiogain="0.3" trem="120" aTouchOn="0" defaultswellstop="" defaultgreatstop="" defaultaccstop="" defaultpedstop=""/>
    <FS1 swell0="12019 qQuintadenaZZ16;16;0;15" great0="12001 qPrincipalZZ16;0;0;9" acc0="" ped0="12034 qUntersatzZZ32;52;0;2"/>
    <FS2 swell0="12011 qGedaktZZ8;32;0;43" great0="12029 qViol di GambaZZ8;19;0;37" acc0="" ped0="12018 zPosauneZZ16;11;0;114"/>
    <FS3 swell0="12010 qPrincipalZZ8;2;0;31" great0="12028 qOctaveZZ8;56;0;43" acc0="" ped0="12009 qPrincipalZZ16;0;0;9"/>
    <FS4 swell0="12012 qQuintadenaZZ8;44;0;40" great0="12036 qFluteZZ8;18;0;43" acc0="" ped0="12027 zTrompetZZ8;13;0;128"/>
    <FS5 swell0="12020 qOctaveZZ4;5;0;56" great0="12003 qOctaveZZ4;5;0;56" acc0="" ped0="12035 qOctaveZZ8;56;0;43"/>
    <FS6 swell0="12021 qRohrfloteZZ4;22;0;63" great0="12004 qFluteZZ4;22;0;63" acc0="" ped0=""/>
    <FS7 swell0="12022 qOctaveZZ2;23;0;84" great0="12030 qQuintaZZ3;7;0;76" acc0="" ped0=""/>
    <FS8 swell0="12013 qNazatZZ3;7;0;76" great0="12031 qTertiaZZaus 2;23;0;84" acc0="" ped0=""/>
    <FS9 swell0="12014 qQuintaZZ1 1/2;22;+16;91" great0="12005 qOctaveZZ2;23;0;84" acc0="" ped0=""/>
    <FS10 swell0="12015 qQuintZZAltra;37;0;91" great0="12002 qCornetZZIV;41;0;100" acc0="" ped0=""/>
    <FS11 swell0="12024 qMixtureZZIII;9;0;100" great0="12032 qMixtureZZIV;9;0;100" acc0="" ped0=""/>
    <FS12 swell0="12023 qSufflotZZ1;23;0;84" great0="12006 zFachottZZ16;25;0;132" acc0="" ped0=""/>
    <FS13 swell0="12092 qSchwebung;20;0;35" great0="12033 qCymbelZZIII;10;0;100" acc0="" ped0=""/>
    <FS14 swell0="12016 zVoxZZ8;39;0;139" great0="12007 zTrumpetZZ8;13;0;128" acc0="" ped0=""/>
    <FS15 swell0="" great0="" acc0="" ped0=""/>
    <FS16 swell0="" great0="" acc0="" ped0=""/>
    <FS17 swell0="" great0="" acc0="" ped0=""/>
    <FS18 swell0="" great0="" acc0="" ped0=""/>
    <FS19 swell0="" great0="" acc0="" ped0=""/>
    <FS20 swell0="" great0="" acc0="" ped0=""/>
    <FS21 swell0="" great0="" acc0="" ped0="12025 BassZZVentil;123"/>
    <FS22 swell0="" great0="" acc0="" ped0=""/>
    <FS23 swell0="" great0="" acc0="" ped0=""/>
    <FS24 swell0="" great0="" acc0="" ped0=""/>
    <FS25 swell0="" great0="" acc0="" ped0=""/>
    <FS26 swell0="" great0="" acc0="" ped0="12008 SwellZZto Grt;247"/>
    <FS27 swell0="" great0="" acc0="" ped0=""/>
    <FS28 swell0="" great0="" acc0="" ped0=""/>
    <FS29 swell0="" great0="" acc0="" ped0=""/>
    <FS30 swell0="" great0="" acc0="" ped0=""/>
    <FS31 swell0="" great0="" acc0="" ped0=""/>
    <FS32 swell0="" great0="12093 Trem;-2;0;176" acc0="" ped0=""/>
    <playorgan0 song0=""/>
    <PP swell0="" great0="" acc0="" ped0=""/>
    <P swell0="" great0="" acc0="" ped0=""/>
    <MF swell0="" great0="" acc0="" ped0=""/>
    <F swell0="" great0="" acc0="" ped0=""/>
    <FF swell0="" great0="" acc0="" ped0=""/>
    <P1 swell0="" great0="" acc0="" ped0=""/>
    <P2 swell0="" great0="" acc0="" ped0=""/>
    <P3 swell0="" great0="" acc0="" ped0=""/>
    <P4 swell0="" great0="" acc0="" ped0=""/>
    <P5 swell0="" great0="" acc0="" ped0=""/>
    <PP_1 swell0="" great0="" acc0="" ped0=""/>
    <P_1 swell0="" great0="" acc0="" ped0=""/>
    <MF_1 swell0="" great0="" acc0="" ped0=""/>
    <F_1 swell0="" great0="" acc0="" ped0=""/>
    <FF_1 swell0="" great0="" acc0="" ped0=""/>
    <P1_1 swell0="" great0="" acc0="" ped0=""/>
    <P2_1 swell0="" great0="" acc0="" ped0=""/>
    <P3_1 swell0="" great0="" acc0="" ped0=""/>
    <P4_1 swell0="" great0="" acc0="" ped0=""/>
    <P5_1 swell0="" great0="" acc0="" ped0=""/>
    <PP_2 swell0="" great0="" acc0="" ped0=""/>
    <P_2 swell0="" great0="" acc0="" ped0=""/>
    <MF_2 swell0="" great0="" acc0="" ped0=""/>
    <F_2 swell0="" great0="" acc0="" ped0=""/>
    <FF_2 swell0="" great0="" acc0="" ped0=""/>
    <P1_2 swell0="" great0="" acc0="" ped0=""/>
    <P2_2 swell0="" great0="" acc0="" ped0=""/>
    <P3_2 swell0="" great0="" acc0="" ped0=""/>
    <P4_2 swell0="" great0="" acc0="" ped0=""/>
    <P5_2 swell0="" great0="" acc0="" ped0=""/>
    <PP_3 swell0="" great0="" acc0="" ped0=""/>
    <P_3 swell0="" great0="" acc0="" ped0=""/>
    <MF_3 swell0="" great0="" acc0="" ped0=""/>
    <F_3 swell0="" great0="" acc0="" ped0=""/>
    <FF_3 swell0="" great0="" acc0="" ped0=""/>
    <P1_3 swell0="" great0="" acc0="" ped0=""/>
    <P2_3 swell0="" great0="" acc0="" ped0=""/>
    <P3_3 swell0="" great0="" acc0="" ped0=""/>
    <P4_3 swell0="" great0="" acc0="" ped0=""/>
    <P5_3 swell0="" great0="" acc0="" ped0=""/>
</eplayOrganSettings>
