<eplayOrganSettings>
    <organSelector version="3.1" numberoforgans="1" organselected="0" midioutput="None" midifileport="None" stopsport="None" pedport="None" accport="None" greatport="None" swellport="None" windowheight="760" windowwidth="900" windowy="190" windowx="190" immediatestart="0" audiodriver="dsound" audio1="default" audio2="default" audio3="default" audio4="default" translateinput="0" translateoutput="0"/>
    <organ0 organname="Viscount Jubilate 332V2-1" swellchan="1" validswellstop="514;515;523;770;1024;1281;260;524;525;527;1" greatchan="2" validgreatstop="65794;66048;66050;66307;66306;66560;68096;68098;66060;66308;2" pedchan="4" validpedstop="196609;196865;197123;197122;197378;197634;199168;196612;196868;197132;197380;3108865;3108864;3108866;3108867;3108868;3108869" stopchan="" stopcode="sysex" stopopen0="64" stopclose0="0" stopopen1="" stopclose1="" mastercancel="240;49;47;108;0;247" swellpedal="176;11;177;11" accchan="3" validaccstop="131586;131587;131843;131842;132865;132098;133120;133632;131332;131596;3" percchan="" validpercstop="" swellsoundfont="eplayUniversalOrgan.sf2" greatsoundfont="eplayUniversalOrgan.sf2" accsoundfont="eplayUniversalOrgan.sf2" pedsoundfont="eplayUniversalOrgan.sf2" sysexmfr="49" reverb="0" swellbank="1" greatbank="1" accbank="1" pedbank="1" audiogain="0.3" trem="120" aTouchOn="0" defaultswellstop="" defaultgreatstop="" defaultaccstop="" defaultpedstop=""/>
    <FS1 swell0="514 qBourdonZZ8;18;0;40" great0="65794 qBourdonZZ16;55;0;12" acc0="131586 qBourdonZZ8;18;0;40" ped0="196609 qBourdonZZ32;55;-12;2"/>
    <FS2 swell0="260 zBassonZZ16;25;0;116" great0="66060 zTrumpetZZ8;13;0;131" acc0="131332 zRegaleZZ16;25;0;116" ped0="196612 zBombardeZZ32;60;0;108"/>
    <FS3 swell0="515 qGambaZZ8;19;0;34" great0="66048 qPrincipalZZ8;2;0;31" acc0="131587 qSalicionalZZ8;19;0;37" ped0="196865 qSoubasZZ16;52;+12;9"/>
    <FS4 swell0="524 zTrumpetZZ8;13;0;131" great0="66308 zClarionZZ4;14;0;132" acc0="131596 zCromoneZZ8;50;0;127" ped0="196868 zTromboneZZ16;61;0;115"/>
    <FS5 swell0="523 qCelesteZZ8;20;0;35" great0="66050 qFluteZZ8;32;0;43" acc0="131843 qMontreZZ4;6;0;56" ped0="197123 qCelloZZ8;42;0;34"/>
    <FS6 swell0="525 zBassonZZ8;25;-12;127" great0="" acc0="" ped0="197132 zClarionZZ8;49;0;128"/>
    <FS7 swell0="770 qOctaveZZ4;5;0;56" great0="66307 qPrestantZZ4;6;0;56" acc0="131842 qFluteZZ4;36;0;63" ped0="197122 qFluteZZ8;32;0;43"/>
    <FS8 swell0="527 zVoxZZ4;39;+12;139" great0="" acc0="" ped0="197380 zClarionZZ4;14;0;144"/>
    <FS9 swell0="1024 qOctaveZZ2;5;+12;56" great0="66306 qFluteZZ4;36;0;63" acc0="132865 qNazardZZ2 2/3;7;0;76" ped0="197378 qFluteZZ4;36;0;56"/>
    <FS10 swell0="" great0="" acc0="" ped0=""/>
    <FS11 swell0="1281 qPiccoloZZ1;23;+12;84" great0="66560 qDoubletZZ2;23;0;84" acc0="132098 qFluteZZ2;23;0;84" ped0="197634 qFluteZZ2;23;0;84"/>
    <FS12 swell0="" great0="" acc0="" ped0=""/>
    <FS13 swell0="" great0="68096 qFourZZIV;9;0;100" acc0="133120 qTierceZZ1 3/5;45;+16;91" ped0="199168 qFournZZIV;9;0;100"/>
    <FS14 swell0="" great0="" acc0="" ped0=""/>
    <FS15 swell0="" great0="68098 qCornetZZIV;41;0;100" acc0="133632 qCymbalZZIII;10;0;100" ped0=""/>
    <FS16 swell0="" great0="" acc0="" ped0=""/>
    <FS17 swell0="" great0="" acc0="" ped0=""/>
    <FS18 swell0="" great0="" acc0="" ped0=""/>
    <FS19 swell0="" great0="" acc0="" ped0=""/>
    <FS20 swell0="" great0="" acc0="" ped0=""/>
    <FS21 swell0="" great0="" acc0="" ped0=""/>
    <FS22 swell0="" great0="" acc0="" ped0=""/>
    <FS23 swell0="" great0="" acc0="" ped0=""/>
    <FS24 swell0="" great0="" acc0="" ped0=""/>
    <FS25 swell0="" great0="" acc0="" ped0=""/>
    <FS26 swell0="" great0="" acc0="" ped0="3108867 SwellZZto Grt;247"/>
    <FS27 swell0="" great0="" acc0="" ped0=""/>
    <FS28 swell0="" great0="" acc0="" ped0="3108869 SwellZZto Acc;247"/>
    <FS29 swell0="" great0="" acc0="" ped0=""/>
    <FS30 swell0="" great0="" acc0="" ped0="3108864 SwellZZto Ped;247"/>
    <FS31 swell0="" great0="" acc0="" ped0="3108865 GreatZZto Ped;248"/>
    <FS32 swell0="1 Tremolo;-2;0;176" great0="2 Tremolo;-2;0;176" acc0="3 Tremolo;-2;0;176" ped0="3108866 AccZZto Ped;250"/>
    <playorgan0 song0=""/>
    <PP swell0="257;512;3108870;" great0="65792;66060;" acc0="131597;131586;131596;131588;" ped0="200962;197123;201219;"/>
    <P swell0="768;770;2560;" great0="66060;66050;66306;" acc0="131584;131597;131586;131596;131842;" ped0="200960;196867;"/>
    <MF swell0="512;771;2560" great0="65792;66060;66050;" acc0="" ped0=""/>
    <F swell0="" great0="66060;66050;66051;66306;" acc0="" ped0=""/>
    <FF swell0="512;771;2560;524" great0="65792;66060;66050;66306;" acc0="131332;131584;131586;131842;132098;133632;131597;131596" ped0="3108867"/>
    <P1 swell0="515;4611;770;525;" great0="65792;66048;70144;66050;" acc0="131584;131586;131588;133377;3108869;" ped0="200960;196867;201219;196612;3108866;"/>
    <P2 swell0="" great0="" acc0="" ped0=""/>
    <P3 swell0="" great0="" acc0="" ped0=""/>
    <P4 swell0="" great0="" acc0="" ped0=""/>
    <P5 swell0="" great0="" acc0="" ped0=""/>
    <PP_1 swell0="" great0="" acc0="" ped0=""/>
    <P_1 swell0="" great0="" acc0="" ped0=""/>
    <MF_1 swell0="" great0="" acc0="" ped0=""/>
    <F_1 swell0="" great0="" acc0="" ped0=""/>
    <FF_1 swell0="" great0="" acc0="" ped0=""/>
    <P1_1 swell0="" great0="" acc0="" ped0=""/>
    <P2_1 swell0="" great0="" acc0="" ped0=""/>
    <P3_1 swell0="" great0="" acc0="" ped0=""/>
    <P4_1 swell0="" great0="" acc0="" ped0=""/>
    <P5_1 swell0="" great0="" acc0="" ped0=""/>
    <PP_2 swell0="" great0="" acc0="" ped0=""/>
    <P_2 swell0="" great0="" acc0="" ped0=""/>
    <MF_2 swell0="" great0="" acc0="" ped0=""/>
    <F_2 swell0="" great0="" acc0="" ped0=""/>
    <FF_2 swell0="" great0="" acc0="" ped0=""/>
    <P1_2 swell0="" great0="" acc0="" ped0=""/>
    <P2_2 swell0="" great0="" acc0="" ped0=""/>
    <P3_2 swell0="" great0="" acc0="" ped0=""/>
    <P4_2 swell0="" great0="" acc0="" ped0=""/>
    <P5_2 swell0="" great0="" acc0="" ped0=""/>
    <PP_3 swell0="" great0="" acc0="" ped0=""/>
    <P_3 swell0="" great0="" acc0="" ped0=""/>
    <MF_3 swell0="" great0="" acc0="" ped0=""/>
    <F_3 swell0="" great0="" acc0="" ped0=""/>
    <FF_3 swell0="" great0="" acc0="" ped0=""/>
    <P1_3 swell0="" great0="" acc0="" ped0=""/>
    <P2_3 swell0="" great0="" acc0="" ped0=""/>
    <P3_3 swell0="" great0="" acc0="" ped0=""/>
    <P4_3 swell0="" great0="" acc0="" ped0=""/>
    <P5_3 swell0="" great0="" acc0="" ped0=""/>
</eplayOrganSettings>
