<eplayOrganSettings>
    <organSelector version="3.0" numberoforgans="1" organselected="0" midioutput="None" midifileport="None" stopsport="None" pedport="None" accport="None" greatport="None" swellport="None" windowheight="760" windowwidth="900" windowy="190" windowx="190" immediatestart="0" audiodriver="dsound" audio1="default" audio2="default" audio3="default" audio4="default" translateinput="0" translateoutput="0"/>
    <organ0 organname="HW Silberbauer Kdousov" swellchan="3" validswellstop="2201;2202;2203;2204" greatchan="2" validgreatstop="2101;2102;2103;2104;2105;2106;2107;2108;2109" pedchan="1" validpedstop="2001;2002;2003;1020;1022;1031;1032;1034;1053;1054;1055" stopchan="2;1" stopcode="nrpn" stopopen0="127" stopclose0="0" stopopen1="" stopclose1="" mastercancel="199;127" swellpedal="183;7;183;7" crescpedal="" accchan="" validaccstop="" percchan="" validpercstop="" swellsoundfont="eorg104a900.sf2" greatsoundfont="eorg104a900.sf2" accsoundfont="eorg104a900.sf2" pedsoundfont="eorg104a900.sf2" sysexmfr="" reverb="1" swellbank="0" greatbank="0" accbank="0" pedbank="0" audiogain="0.3" aTouchOn="0"/>
    <FS1 swell0="2204 qPrincipal 2;6;+12;84" great0="2109 qOctave 1;23;+12;84" acc0="" ped0="2002 zSubbas 16;52;+12;116"/>
    <FS2 swell0="2201 qCopula 8;32;0;43" great0="2102 qFletten 8;32;0;43" acc0="" ped0="2003 qOctave 4;5;0;56"/>
    <FS3 swell0="2203 qOctave 1;23;+12;84" great0="2101 qFletten 4;36;0;63" acc0="" ped0="2001 qOctave 8;56;0;43"/>
    <FS4 swell0="2202 qCopula 4;36;0;63" great0="2104 qMixture;9;0;100" acc0="" ped0=""/>
    <FS5 swell0="" great0="2107 qQuint 3;7;0;76" acc0="" ped0=""/>
    <FS6 swell0="" great0="2108 qQuint 8;44;0;40" acc0="" ped0=""/>
    <FS7 swell0="" great0="2103 qFugura 4;6;0;41" acc0="" ped0=""/>
    <FS8 swell0="" great0="2105 qOctave 2;23;0;76" acc0="" ped0=""/>
    <FS9 swell0="" great0="2106 qPrincipal 4;35;0;56" acc0="" ped0=""/>
    <FS10 swell0="" great0="" acc0="" ped0=""/>
    <FS11 swell0="" great0="" acc0="" ped0=""/>
    <FS12 swell0="" great0="" acc0="" ped0=""/>
    <FS13 swell0="" great0="" acc0="" ped0=""/>
    <FS14 swell0="" great0="" acc0="" ped0=""/>
    <FS15 swell0="" great0="" acc0="" ped0=""/>
    <FS16 swell0="" great0="" acc0="" ped0=""/>
    <FS17 swell0="" great0="" acc0="" ped0=""/>
    <FS18 swell0="" great0="" acc0="" ped0=""/>
    <FS19 swell0="" great0="" acc0="" ped0=""/>
    <FS20 swell0="" great0="" acc0="" ped0=""/>
    <FS21 swell0="" great0="" acc0="" ped0=""/>
    <FS22 swell0="" great0="" acc0="" ped0=""/>
    <FS23 swell0="" great0="" acc0="" ped0="1055 mSwell Oct;266"/>
    <FS24 swell0="" great0="" acc0="" ped0="1054 mSwell Sub;265"/>
    <FS25 swell0="" great0="" acc0="" ped0=""/>
    <FS26 swell0="" great0="" acc0="" ped0="1034 mSwell to Grt;247"/>
    <FS27 swell0="" great0="" acc0="" ped0="1032 mGreat Oct;268"/>
    <FS28 swell0="" great0="" acc0="" ped0=""/>
    <FS29 swell0="" great0="" acc0="" ped0=""/>
    <FS30 swell0="" great0="" acc0="" ped0="1022 mSwell to Ped;247"/>
    <FS31 swell0="" great0="" acc0="" ped0="1020 mGrt to Ped;248"/>
    <FS32 swell0="" great0="" acc0="" ped0=""/>
    <playorgan0 song0=""/>
    <PP swell0="" great0="" acc0="" ped0=""/>
    <P swell0="" great0="" acc0="" ped0=""/>
    <MF swell0="" great0="" acc0="" ped0=""/>
    <F swell0="" great0="" acc0="" ped0=""/>
    <FF swell0="" great0="" acc0="" ped0=""/>
    <P1 swell0="" great0="" acc0="" ped0=""/>
    <P2 swell0="" great0="" acc0="" ped0=""/>
    <P3 swell0="" great0="" acc0="" ped0=""/>
    <P4 swell0="" great0="" acc0="" ped0=""/>
    <P5 swell0="" great0="" acc0="" ped0=""/>
</eplayOrganSettings>
