<eplayOrganSettings>
    <organSelector version="3.1" numberoforgans="1" organselected="0" midioutput="None" midifileport="None" stopsport="None" pedport="None" accport="None" greatport="None" swellport="None" windowheight="760" windowwidth="900" windowy="190" windowx="190" immediatestart="0" audiodriver="dsound" audio1="default" audio2="default" audio3="default" audio4="default" translateinput="0" translateoutput="0"/>
    <organ0 organname="HW Hill Burton BerlinV2-1" swellchan="4" validswellstop="2301;2302;2303;2304;2305;2306;2307;2308;2309;2310;2311;2312;2313;2314;2315" greatchan="3" validgreatstop="2201;2202;2203;2204;2205;2206;2207;2208;2209;2210;2211;2212" pedchan="1" validpedstop="2001;2002;2003;2004;2005;2006;2007;2008;2009;2010;2011;1006;1011;1016;1055;1107;1116;1216;1315;1317;2316" stopchan="2;1" stopcode="nrpn" stopopen0="127" stopclose0="0" stopopen1="" stopclose1="" mastercancel="199;127" swellpedal="183;7;183;7" accchan="2" validaccstop="2101;2102;2103;2104;2105;2106;2107;2108;2109;2110;2111;2112" percchan="" validpercstop="" swellsoundfont="eplayUniversalOrgan.sf2" greatsoundfont="eplayUniversalOrgan.sf2" accsoundfont="eplayUniversalOrgan.sf2" pedsoundfont="eplayUniversalOrgan.sf2" sysexmfr="" reverb="0" swellbank="1" greatbank="1" accbank="1" pedbank="1" audiogain="0.3" trem="120" aTouchOn="0" defaultswellstop="" defaultgreatstop="" defaultaccstop="" defaultpedstop=""/>
    <FS1 swell0="2302 zOboeZZ8;27;0;133" great0="2204 zTrumpetZZ8;47;0;131" acc0="2101 zTubaZZ8;46;0;128" ped0="2001 zTrombaZZ8;62;0;128"/>
    <FS2 swell0="2307 zClarionZZ4;14;0;144" great0="2208 zTubaZZ8;46;0;128" acc0="2108 zClarinetZZ8;49;0;132" ped0="2007 zTromboneZZ16;61;0;115"/>
    <FS3 swell0="2303 zMixtureZZIII;9;0;100" great0="2205 qTwelfthZZ2 2/3;7;0;76" acc0="2102 zOboeZZ8;27;0;133" ped0="2002 qFluteZZ4;36;0;63"/>
    <FS4 swell0="2308 zClarinetZZ16;49;-12;118" great0="2209 zMixtureZZIII;9;0;100" acc0="2109 qTierceZZ1 3/5;45;+16;91" ped0="2008 qFluteZZ8;32;0;43"/>
    <FS5 swell0="2304 zGemshornZZ4;21;0;127" great0="2206 qGambaZZ8;19;0;37" acc0="2103 qLarigotZZ1 1/3;32;+31;95" ped0="2003 qViolaZZ8;42;0;37"/>
    <FS6 swell0="2309 qFluteZZ4;36;0;63" great0="2210 qFluteZZ4;36;0;63" acc0="2110 qNazardZZ2 2/3;7;0;80" ped0="2009 qPrincipalZZ8;3;0;31"/>
    <FS7 swell0="2305 qSalicionalZZ8;19;0;34" great0="2207 qO DiapasonZZ8;2;0;31" acc0="2104 qPiccoloZZ2;23;0;84" ped0="2004 qBassZZ16;16;0;2"/>
    <FS8 swell0="2310 zVoxZZ8;39;0;139" great0="2211 qS DiapasonZZ8;3;0;31" acc0="2111 zAeolineZZ8;20;0;166" ped0="2010 qBourdonZZ16;55;0;15"/>
    <FS9 swell0="2306 qBourdonZZ16;55;0;15" great0="2212 qBourdonZZ16;55;0;12" acc0="2105 qFluteZZ4;36;0;63" ped0="2005 qVioloneZZ16;42;-12;17"/>
    <FS10 swell0="2311 qDiapasonZZ8;2;0;31" great0="2201 qFifteenthZZ2;37;0;80" acc0="2112 qGedaktZZ8;32;0;41" ped0="2011 qDiapasonZZ16;53;0;9"/>
    <FS11 swell0="2312 zCornopeanZZ8;26;0;128" great0="2202 qPrincipalZZ4;6;0;56" acc0="2106 qViolZZ8;42;0;37" ped0="2006 zBassZZ32;52;0;108"/>
    <FS12 swell0="2313 qFifteenthZZ2;37;0;76" great0="2203 qDiapasonZZ8;2;0;31" acc0="" ped0=""/>
    <FS13 swell0="2314 qCelesteZZ8;20;0;35" great0="" acc0="" ped0=""/>
    <FS14 swell0="2315 qFluteZZ8;32;0;43" great0="" acc0="" ped0=""/>
    <FS15 swell0="" great0="" acc0="" ped0=""/>
    <FS16 swell0="" great0="" acc0="" ped0=""/>
    <FS17 swell0="" great0="" acc0="" ped0=""/>
    <FS18 swell0="" great0="" acc0="" ped0=""/>
    <FS19 swell0="" great0="" acc0="" ped0=""/>
    <FS20 swell0="" great0="" acc0="" ped0=""/>
    <FS21 swell0="" great0="" acc0="" ped0=""/>
    <FS22 swell0="" great0="" acc0="" ped0=""/>
    <FS23 swell0="" great0="" acc0="" ped0="1317 SwellZZOct;266"/>
    <FS24 swell0="" great0="" acc0="" ped0="1315 SwellZZSub;265"/>
    <FS25 swell0="" great0="" acc0="" ped0="2316 SwellZZUni Off;271"/>
    <FS26 swell0="" great0="" acc0="" ped0="1216 SwellZZto Grt;247"/>
    <FS27 swell0="" great0="" acc0="" ped0="1055 mGreatZZOct;268"/>
    <FS28 swell0="" great0="" acc0="" ped0="1116 SwellZZto Acc;247"/>
    <FS29 swell0="" great0="" acc0="" ped0="1107 AccZZOct;270"/>
    <FS30 swell0="" great0="" acc0="" ped0="1016 SwellZZto Ped;247"/>
    <FS31 swell0="" great0="" acc0="" ped0="1011 GreatZZto Ped;248"/>
    <FS32 swell0="2301 Trem;-2;0;176" great0="" acc0="2107 Trem;-2;0;176" ped0="1006 AccZZto Ped;250"/>
    <playorgan0 song0=""/>
    <PP swell0="" great0="" acc0="" ped0=""/>
    <P swell0="" great0="" acc0="" ped0=""/>
    <MF swell0="" great0="" acc0="" ped0=""/>
    <F swell0="" great0="" acc0="" ped0=""/>
    <FF swell0="" great0="" acc0="" ped0=""/>
    <P1 swell0="" great0="" acc0="" ped0=""/>
    <P2 swell0="" great0="" acc0="" ped0=""/>
    <P3 swell0="" great0="" acc0="" ped0=""/>
    <P4 swell0="" great0="" acc0="" ped0=""/>
    <P5 swell0="" great0="" acc0="" ped0=""/>
    <PP_1 swell0="" great0="" acc0="" ped0=""/>
    <P_1 swell0="" great0="" acc0="" ped0=""/>
    <MF_1 swell0="" great0="" acc0="" ped0=""/>
    <F_1 swell0="" great0="" acc0="" ped0=""/>
    <FF_1 swell0="" great0="" acc0="" ped0=""/>
    <P1_1 swell0="" great0="" acc0="" ped0=""/>
    <P2_1 swell0="" great0="" acc0="" ped0=""/>
    <P3_1 swell0="" great0="" acc0="" ped0=""/>
    <P4_1 swell0="" great0="" acc0="" ped0=""/>
    <P5_1 swell0="" great0="" acc0="" ped0=""/>
    <PP_2 swell0="" great0="" acc0="" ped0=""/>
    <P_2 swell0="" great0="" acc0="" ped0=""/>
    <MF_2 swell0="" great0="" acc0="" ped0=""/>
    <F_2 swell0="" great0="" acc0="" ped0=""/>
    <FF_2 swell0="" great0="" acc0="" ped0=""/>
    <P1_2 swell0="" great0="" acc0="" ped0=""/>
    <P2_2 swell0="" great0="" acc0="" ped0=""/>
    <P3_2 swell0="" great0="" acc0="" ped0=""/>
    <P4_2 swell0="" great0="" acc0="" ped0=""/>
    <P5_2 swell0="" great0="" acc0="" ped0=""/>
    <PP_3 swell0="" great0="" acc0="" ped0=""/>
    <P_3 swell0="" great0="" acc0="" ped0=""/>
    <MF_3 swell0="" great0="" acc0="" ped0=""/>
    <F_3 swell0="" great0="" acc0="" ped0=""/>
    <FF_3 swell0="" great0="" acc0="" ped0=""/>
    <P1_3 swell0="" great0="" acc0="" ped0=""/>
    <P2_3 swell0="" great0="" acc0="" ped0=""/>
    <P3_3 swell0="" great0="" acc0="" ped0=""/>
    <P4_3 swell0="" great0="" acc0="" ped0=""/>
    <P5_3 swell0="" great0="" acc0="" ped0=""/>
</eplayOrganSettings>
