<eplayOrganSettings>
    <organSelector version="3.0" numberoforgans="1" organselected="0" midioutput="None" midifileport="None" stopsport="None" pedport="None" accport="None" greatport="None" swellport="None" windowheight="760" windowwidth="900" windowy="190" windowx="190" immediatestart="0" audiodriver="dsound" audio1="default" audio2="default" audio3="default" audio4="default" translateinput="0" translateoutput="0"/>
    <organ0 organname="Allen Renaissance R230" swellchan="1" validswellstop="11;34;35;40;56;63;76;84;91;100;114;120;128;133;159;166;176" greatchan="2" validgreatstop="31;40;43;56;63;80;100;128;132;161;176" pedchan="3" validpedstop="9;12;15;31;40;56;100;114;128;243;247;248;271" stopchan="" stopcode="nrpn" stopopen0="127" stopclose0="0" stopopen1="" stopclose1="" mastercancel="199;127" swellpedal="176;7;177;7" crescpedal="" accchan="" validaccstop="" percchan="" validpercstop="" swellsoundfont="eorg104a900.sf2" greatsoundfont="eorg104a900.sf2" accsoundfont="eorg104a900.sf2" pedsoundfont="eorg104a900.sf2" sysexmfr="" reverb="1" swellbank="0" greatbank="0" accbank="0" pedbank="0" audiogain="0.3" aTouchOn="0"/>
    <FS1 swell0="11 qGedakt 16;18;-12;12" great0="31 qDiapason 8;31;0;31" acc0="" ped0="9 qDiapason 16;0;0;9"/>
    <FS2 swell0="114 zHorn 16;11;0;114" great0="128 zTrombone 8;46;0;128" acc0="" ped0="114 zPosaune 16;11;0;114"/>
    <FS3 swell0="40 qGedakt 8;18;0;40" great0="40 qFlute 8;32;0;40" acc0="" ped0="12 qBourdon 16;55;0;15"/>
    <FS4 swell0="128 zTrumpet 8;13;0;131" great0="132 zKrummhorn 8;49;0;132" acc0="" ped0="128 zTromba 8;46;0;128"/>
    <FS5 swell0="34 qViola 8;19;0;34" great0="43 qCeleste 8;32;0;35" acc0="" ped0="15 qGedakt 16;55;0;15"/>
    <FS6 swell0="133 zOboe 8;27;0;133" great0="161 zChimes;113;0;161" acc0="" ped0=""/>
    <FS7 swell0="35 qCeleste 8;32;0;35" great0="56 qOctave 4;5;0;56" acc0="" ped0="31 qOctave 8;31;0;31"/>
    <FS8 swell0="166 zCelesta;20;0;166" great0="" acc0="" ped0=""/>
    <FS9 swell0="56 qOctave 4;5;0;56" great0="63 qFlute 4;23;-12;63" acc0="" ped0="40 qFlute 8;32;0;43"/>
    <FS10 swell0="159 zHarpsichord;113;0;161" great0="" acc0="" ped0=""/>
    <FS11 swell0="63 qFlute 4;23;-12;63" great0="80 q15th 2;37;0;80" acc0="" ped0="56 qBass 4;5;0;56"/>
    <FS12 swell0="" great0="" acc0="" ped0=""/>
    <FS13 swell0="76 qNazard 2 2/3;7;0;76" great0="100 qMixture IV;9;0;100" acc0="" ped0="100 qMixture III;9;0;100"/>
    <FS14 swell0="" great0="" acc0="" ped0=""/>
    <FS15 swell0="84 qPiccolo 2;23;0;84" great0="" acc0="" ped0=""/>
    <FS16 swell0="" great0="" acc0="" ped0=""/>
    <FS17 swell0="91 qTierce 1 3/5;32;+28;91" great0="" acc0="" ped0=""/>
    <FS18 swell0="" great0="" acc0="" ped0=""/>
    <FS19 swell0="100 qMixture IV;9;0;100" great0="" acc0="" ped0=""/>
    <FS20 swell0="" great0="" acc0="" ped0=""/>
    <FS21 swell0="" great0="" acc0="" ped0=""/>
    <FS22 swell0="" great0="" acc0="" ped0=""/>
    <FS23 swell0="" great0="" acc0="" ped0=""/>
    <FS24 swell0="" great0="" acc0="" ped0=""/>
    <FS25 swell0="" great0="" acc0="" ped0="271 Swl Uni Off;271"/>
    <FS26 swell0="" great0="" acc0="" ped0="243 Swell to Gr;247"/>
    <FS27 swell0="" great0="" acc0="" ped0=""/>
    <FS28 swell0="" great0="" acc0="" ped0=""/>
    <FS29 swell0="" great0="" acc0="" ped0=""/>
    <FS30 swell0="" great0="" acc0="" ped0="247 Swell to Ped;247"/>
    <FS31 swell0="176 Trem;123;0;500" great0="176 Trem;123;0;500" acc0="" ped0="248 Grt to Ped;248"/>
    <FS32 swell0="" great0="" acc0="" ped0=""/>
    <playorgan0 song0=""/>
    <PP swell0="" great0="" acc0="" ped0=""/>
    <P swell0="" great0="" acc0="" ped0=""/>
    <MF swell0="" great0="" acc0="" ped0=""/>
    <F swell0="" great0="" acc0="" ped0=""/>
    <FF swell0="" great0="" acc0="" ped0=""/>
    <P1 swell0="" great0="" acc0="" ped0=""/>
    <P2 swell0="" great0="" acc0="" ped0=""/>
    <P3 swell0="" great0="" acc0="" ped0=""/>
    <P4 swell0="" great0="" acc0="" ped0=""/>
    <P5 swell0="" great0="" acc0="" ped0=""/>
</eplayOrganSettings>
