<eplayOrganSettings>
    <organSelector version="3.1" numberoforgans="1" organselected="0" midioutput="None" midifileport="None" stopsport="None" pedport="None" accport="None" greatport="None" swellport="None" windowheight="760" windowwidth="900" windowy="190" windowx="190" immediatestart="0" audiodriver="dsound" audio1="default" audio2="default" audio3="default" audio4="default" translateinput="0" translateoutput="0"/>
    <organ0 organname="HW Pitea School of MusicV2-1" swellchan="3" validswellstop="2201;2202;2203;2204;2205;2206;2207;2208;2210;2211;2230;1720" greatchan="2" validgreatstop="2101;2102;2103;2104;2105;2106;2107;2108;2109" pedchan="1" validpedstop="2001;2002;2003;2004;2005;2006;2007;2008;2009;2010;2011;2012;1006;1011;1016;1107;1111;1210;1211;1212;1311;1317" stopchan="2" stopcode="nrpn" stopopen0="127" stopclose0="0" stopopen1="" stopclose1="" mastercancel="199;127" swellpedal="178;11;179;11" accchan="4" validaccstop="2301;2302;2303;2304;2305;2306;2307;2308;2320;1730" percchan="" validpercstop="" swellsoundfont="eplayUniversalOrgan.sf2" greatsoundfont="eplayUniversalOrgan.sf2" accsoundfont="eplayUniversalOrgan.sf2" pedsoundfont="eplayUniversalOrgan.sf2" sysexmfr="" reverb="0" swellbank="1" greatbank="1" accbank="1" pedbank="1" audiogain="0.3" trem="120" aTouchOn="0" defaultswellstop="" defaultgreatstop="" defaultaccstop="" defaultpedstop=""/>
    <FS1 swell0="2208 zOboeZZ8;27;0;133" great0="2108 zCornetZZV;41;0;100" acc0="2308 zCromornZZ8;50;0;127" ped0="2011 zClarionZZ4;14;0;144"/>
    <FS2 swell0="2211 zClarionZZ4;14;0;144" great0="2107 zTrumpetZZ8;13;0;131" acc0="2320 qScharfZZIII;10;0;100" ped0="2010 zTrumpetZZ8;13;0;128"/>
    <FS3 swell0="2230 qMixtureZZV;9;0;100" great0="2101 qMixtureZZIV;9;0;100" acc0="2307 qTierceZZ1 3/5;32;+28;91;95" ped0="2009 zBassoonZZ16;25;0;116"/>
    <FS4 swell0="2210 zTrumpetZZ8;13;0;131" great0="2102 qDoubletteZZ2;23;0;84" acc0="2306 qFluteZZ2;23;0;84" ped0="2008 qOctaveZZ4;5;0;56"/>
    <FS5 swell0="2206 qOctaveZZ4;5;0;56" great0="2109 qFluteZZ4;36;0;63" acc0="2305 qQuintZZ2 2/3;7;0;76" ped0="2007 qFluteZZ4;36;0;43"/>
    <FS6 swell0="2207 qPiccoloZZ2;23;0;84" great0="2104 qOctaveZZ4;5;0;56" acc0="2304 qPrincipalZZ4;35;0;56" ped0="2006 qGedektZZ8;17;0;40"/>
    <FS7 swell0="2205 qCelesteZZ8;20;0;35" great0="2105 qFluteZZ8;32;0;43" acc0="2303 qFluteZZ4;36;0;63" ped0="2005 qBourdonZZ8;57;0;40"/>
    <FS8 swell0="2204 qFluteZZ8;32;0;43" great0="2106 qPrincipalZZ8;2;0;31" acc0="2302 qGedektZZ8;17;0;40" ped0="2004 qPrincipalZZ8;2;0;31"/>
    <FS9 swell0="2202 qGambaZZ8;42;0;34" great0="" acc0="2301 qFluteZZ8;32;0;43" ped0="2003 qBourdonZZ16;55;0;15"/>
    <FS10 swell0="2203 qBourdonZZ8;57;0;40" great0="2103 qGedektZZ16;55;0;12" acc0="" ped0="2002 qSubbassZZ16;0;0;9"/>
    <FS11 swell0="" great0="" acc0="" ped0="2001 qBourdonZZ32;52;0;2"/>
    <FS12 swell0="2201 qBourdonZZ16;55;0;15" great0="" acc0="" ped0="2012 zBassoonZZ32;25;-12;108"/>
    <FS13 swell0="" great0="" acc0="" ped0=""/>
    <FS14 swell0="" great0="" acc0="" ped0=""/>
    <FS15 swell0="" great0="" acc0="" ped0=""/>
    <FS16 swell0="" great0="" acc0="" ped0=""/>
    <FS17 swell0="" great0="" acc0="" ped0=""/>
    <FS18 swell0="" great0="" acc0="" ped0=""/>
    <FS19 swell0="" great0="" acc0="" ped0=""/>
    <FS20 swell0="" great0="" acc0="" ped0=""/>
    <FS21 swell0="" great0="" acc0="" ped0=""/>
    <FS22 swell0="" great0="" acc0="" ped0=""/>
    <FS23 swell0="" great0="" acc0="" ped0="1212 SwellZZOct;266"/>
    <FS24 swell0="" great0="" acc0="" ped0="1210 SwellZZSub;265"/>
    <FS25 swell0="" great0="" acc0="" ped0="1211 SwellZZUni Off;271"/>
    <FS26 swell0="" great0="" acc0="" ped0="1111 SwellZZto Grt;247"/>
    <FS27 swell0="" great0="" acc0="" ped0="1107 GreatZZOct;268"/>
    <FS28 swell0="" great0="" acc0="" ped0="1311 SwellZZto Acc;247"/>
    <FS29 swell0="" great0="" acc0="" ped0="1317 AccZZOct;270"/>
    <FS30 swell0="" great0="" acc0="" ped0="1011 SwellZZto Ped;247"/>
    <FS31 swell0="1720 Trem;-2;0;176" great0="" acc0="1730 Trem;-2;0;176" ped0="1006 GreatZZto Ped;248"/>
    <FS32 swell0="" great0="" acc0="" ped0="1016 AccZZto Ped;250"/>
    <playorgan0 song0=""/>
    <PP swell0="" great0="" acc0="" ped0=""/>
    <P swell0="" great0="" acc0="" ped0=""/>
    <MF swell0="" great0="" acc0="" ped0=""/>
    <F swell0="" great0="" acc0="" ped0=""/>
    <FF swell0="" great0="" acc0="" ped0=""/>
    <P1 swell0="" great0="" acc0="" ped0=""/>
    <P2 swell0="" great0="" acc0="" ped0=""/>
    <P3 swell0="" great0="" acc0="" ped0=""/>
    <P4 swell0="" great0="" acc0="" ped0=""/>
    <P5 swell0="" great0="" acc0="" ped0=""/>
    <PP_1 swell0="" great0="" acc0="" ped0=""/>
    <P_1 swell0="" great0="" acc0="" ped0=""/>
    <MF_1 swell0="" great0="" acc0="" ped0=""/>
    <F_1 swell0="" great0="" acc0="" ped0=""/>
    <FF_1 swell0="" great0="" acc0="" ped0=""/>
    <P1_1 swell0="" great0="" acc0="" ped0=""/>
    <P2_1 swell0="" great0="" acc0="" ped0=""/>
    <P3_1 swell0="" great0="" acc0="" ped0=""/>
    <P4_1 swell0="" great0="" acc0="" ped0=""/>
    <P5_1 swell0="" great0="" acc0="" ped0=""/>
    <PP_2 swell0="" great0="" acc0="" ped0=""/>
    <P_2 swell0="" great0="" acc0="" ped0=""/>
    <MF_2 swell0="" great0="" acc0="" ped0=""/>
    <F_2 swell0="" great0="" acc0="" ped0=""/>
    <FF_2 swell0="" great0="" acc0="" ped0=""/>
    <P1_2 swell0="" great0="" acc0="" ped0=""/>
    <P2_2 swell0="" great0="" acc0="" ped0=""/>
    <P3_2 swell0="" great0="" acc0="" ped0=""/>
    <P4_2 swell0="" great0="" acc0="" ped0=""/>
    <P5_2 swell0="" great0="" acc0="" ped0=""/>
    <PP_3 swell0="" great0="" acc0="" ped0=""/>
    <P_3 swell0="" great0="" acc0="" ped0=""/>
    <MF_3 swell0="" great0="" acc0="" ped0=""/>
    <F_3 swell0="" great0="" acc0="" ped0=""/>
    <FF_3 swell0="" great0="" acc0="" ped0=""/>
    <P1_3 swell0="" great0="" acc0="" ped0=""/>
    <P2_3 swell0="" great0="" acc0="" ped0=""/>
    <P3_3 swell0="" great0="" acc0="" ped0=""/>
    <P4_3 swell0="" great0="" acc0="" ped0=""/>
    <P5_3 swell0="" great0="" acc0="" ped0=""/>
</eplayOrganSettings>
