<eplayOrganSettings>
    <organSelector version="3.1" numberoforgans="1" organselected="0" midioutput="None" midifileport="None" stopsport="None" pedport="None" accport="None" greatport="None" swellport="None" windowheight="760" windowwidth="900" windowy="190" windowx="190" immediatestart="0" audiodriver="dsound" audio1="default" audio2="default" audio3="default" audio4="default" translateinput="0" translateoutput="0"/>
    <organ0 organname="HW Ditfurt RoeverV2-1" swellchan="3" validswellstop="2201;2202;2203;2204;2205;2206;2207;2208;2209;2210;2211" greatchan="2" validgreatstop="2101;2102;2103;2104;2105;2106;2107;2108;2109;2110;2111;2112;2113;2114" pedchan="1" validpedstop="2001;2002;2003;2004;2005;2006;2007;2008;1006;1011;1111;1212;1032;1054" stopchan="2;1" stopcode="nrpn" stopopen0="127" stopclose0="0" stopopen1="" stopclose1="" mastercancel="199;127" swellpedal="178;11;183;7" accchan="" validaccstop="" percchan="" validpercstop="" swellsoundfont="eplayUniversalOrgan.sf2" greatsoundfont="eplayUniversalOrgan.sf2" accsoundfont="" pedsoundfont="eplayUniversalOrgan.sf2" sysexmfr="" reverb="0" swellbank="1" greatbank="1" accbank="0" pedbank="1" audiogain="0.3" trem="120" aTouchOn="0" defaultswellstop="" defaultgreatstop="" defaultaccstop="" defaultpedstop=""/>
    <FS1 swell0="2211 qMixtureZZIII;9;0;100" great0="2114 zTrumpetZZ8;13;0;131" acc0="" ped0="2001 qO BassZZ16;30;0;15"/>
    <FS2 swell0="" great0="" acc0="" ped0=""/>
    <FS3 swell0="2210 qFluteZZ2;23;0;84" great0="2113 qMixtureZZIII;9;0;100" acc0="" ped0="2002 qViolinZZ16;42;-12;17"/>
    <FS4 swell0="" great0="" acc0="" ped0=""/>
    <FS5 swell0="2209 qFluteZZ4;22;0;63" great0="2112 qCornet;41;0;100" acc0="" ped0="2003 qSubbasZZ16;52;+12;9"/>
    <FS6 swell0="" great0="" acc0="" ped0=""/>
    <FS7 swell0="2208 qFuguraZZ4;5;0;56" great0="2111 qOctaveZZ2;5;+12;80" acc0="" ped0="2004 qGedaktZZ16;32;-12;12"/>
    <FS8 swell0="" great0="" acc0="" ped0=""/>
    <FS9 swell0="2207 qCelesteZZ8;20;0;35" great0="2110 qQuintZZ2 2/3;7;0;76" acc0="" ped0="2005 qOctaveZZ8;56;0;128"/>
    <FS10 swell0="" great0="" acc0="" ped0=""/>
    <FS11 swell0="2206 qViolinZZ8;42;0;34" great0="2109 qFluteZZ4;22;0;63" acc0="" ped0="2006 qCelloZZ8;0;0;34"/>
    <FS12 swell0="" great0="" acc0="" ped0=""/>
    <FS13 swell0="2205 qGedaktZZ8;3;0;31" great0="2108 qOctaveZZ4;5;0;56" acc0="" ped0="2007 qFluteZZ8;32;0;43"/>
    <FS14 swell0="" great0="" acc0="" ped0=""/>
    <FS15 swell0="2204 qFluteZZ8;18;0;43" great0="2107 qGedaktZZ8;32;0;41" acc0="" ped0="2008 zPosauneZZ16;61;0;114"/>
    <FS16 swell0="" great0="" acc0="" ped0=""/>
    <FS17 swell0="2203 qSalicionalZZ8;19;0;34" great0="2106 qGemshornZZ8;2;0;31" acc0="" ped0=""/>
    <FS18 swell0="" great0="" acc0="" ped0=""/>
    <FS19 swell0="2202 qPrincipalZZ8;31;0;31" great0="2105 qFluteZZ8;32;0;43" acc0="" ped0=""/>
    <FS20 swell0="" great0="" acc0="" ped0=""/>
    <FS21 swell0="2201 qGedaktZZ16;32;-12;12" great0="2104 qGambeZZ8;42;0;37" acc0="" ped0=""/>
    <FS22 swell0="" great0="" acc0="" ped0=""/>
    <FS23 swell0="" great0="2103 qPrincipalZZ8;31;0;31" acc0="" ped0="1212 SwellZZOct;266"/>
    <FS24 swell0="" great0="" acc0="" ped0="1054 mSwellZZSub;265"/>
    <FS25 swell0="" great0="2102 qBourdonZZ16;55;0;12" acc0="" ped0=""/>
    <FS26 swell0="" great0="" acc0="" ped0="1111 SwellZZto Grt;247"/>
    <FS27 swell0="" great0="2101 qPrincipalZZ16;53;0;9" acc0="" ped0="1032 mGreatZZOct;268"/>
    <FS28 swell0="" great0="" acc0="" ped0=""/>
    <FS29 swell0="" great0="" acc0="" ped0=""/>
    <FS30 swell0="" great0="" acc0="" ped0="1011 SwellZZto Ped;247"/>
    <FS31 swell0="" great0="" acc0="" ped0="1006 GreatZZto Ped;248"/>
    <FS32 swell0="" great0="" acc0="" ped0=""/>
    <playorgan0 song0=""/>
    <PP swell0="" great0="" acc0="" ped0=""/>
    <P swell0="" great0="" acc0="" ped0=""/>
    <MF swell0="" great0="" acc0="" ped0=""/>
    <F swell0="" great0="" acc0="" ped0=""/>
    <FF swell0="" great0="" acc0="" ped0=""/>
    <P1 swell0="" great0="" acc0="" ped0=""/>
    <P2 swell0="" great0="" acc0="" ped0=""/>
    <P3 swell0="" great0="" acc0="" ped0=""/>
    <P4 swell0="" great0="" acc0="" ped0=""/>
    <P5 swell0="" great0="" acc0="" ped0=""/>
    <PP_1 swell0="" great0="" acc0="" ped0=""/>
    <P_1 swell0="" great0="" acc0="" ped0=""/>
    <MF_1 swell0="" great0="" acc0="" ped0=""/>
    <F_1 swell0="" great0="" acc0="" ped0=""/>
    <FF_1 swell0="" great0="" acc0="" ped0=""/>
    <P1_1 swell0="" great0="" acc0="" ped0=""/>
    <P2_1 swell0="" great0="" acc0="" ped0=""/>
    <P3_1 swell0="" great0="" acc0="" ped0=""/>
    <P4_1 swell0="" great0="" acc0="" ped0=""/>
    <P5_1 swell0="" great0="" acc0="" ped0=""/>
    <PP_2 swell0="" great0="" acc0="" ped0=""/>
    <P_2 swell0="" great0="" acc0="" ped0=""/>
    <MF_2 swell0="" great0="" acc0="" ped0=""/>
    <F_2 swell0="" great0="" acc0="" ped0=""/>
    <FF_2 swell0="" great0="" acc0="" ped0=""/>
    <P1_2 swell0="" great0="" acc0="" ped0=""/>
    <P2_2 swell0="" great0="" acc0="" ped0=""/>
    <P3_2 swell0="" great0="" acc0="" ped0=""/>
    <P4_2 swell0="" great0="" acc0="" ped0=""/>
    <P5_2 swell0="" great0="" acc0="" ped0=""/>
    <PP_3 swell0="" great0="" acc0="" ped0=""/>
    <P_3 swell0="" great0="" acc0="" ped0=""/>
    <MF_3 swell0="" great0="" acc0="" ped0=""/>
    <F_3 swell0="" great0="" acc0="" ped0=""/>
    <FF_3 swell0="" great0="" acc0="" ped0=""/>
    <P1_3 swell0="" great0="" acc0="" ped0=""/>
    <P2_3 swell0="" great0="" acc0="" ped0=""/>
    <P3_3 swell0="" great0="" acc0="" ped0=""/>
    <P4_3 swell0="" great0="" acc0="" ped0=""/>
    <P5_3 swell0="" great0="" acc0="" ped0=""/>
</eplayOrganSettings>
