<eplayOrganSettings>
    <organSelector version="3.0" numberoforgans="1" organselected="0" midioutput="None" midifileport="None" stopsport="None" pedport="None" accport="None" greatport="None" swellport="None" windowheight="760" windowwidth="900" windowy="190" windowx="190" immediatestart="0" audiodriver="dsound" audio1="default" audio2="default" audio3="default" audio4="default" translateinput="0" translateoutput="0"/>
    <organ0 organname="HW Skinner MtCarmel" swellchan="4" validswellstop="2216;2212;2211;2207;2206;2205;2217;2213;2214;2209;2208;2202;2218;2215;2210;2204;2203;2201;1720" greatchan="3" validgreatstop="2111;2109;2108;2107;2105;2102;2112;2110;2106;2104;2103;2101;2113;2114" pedchan="1" validpedstop="2012;2010;2008;2006;2004;2002;2013;2011;2009;2007;2005;2003;2001;1011;1006;1016;1317;1311;1107;1111;1211;1210;1212" stopchan="2" stopcode="nrpn" stopopen0="127" stopclose0="0" stopopen1="" stopclose1="" mastercancel="199;127" swellpedal="178;11;179;11" crescpedal="" accchan="2" validaccstop="2310;2307;2305;2301;2314;2312;2311;2306;2302;2316;2313;2309;2308;2304;2303;2315;1730" percchan="" validpercstop="" swellsoundfont="eorg104a900.sf2" greatsoundfont="eorg104a900.sf2" accsoundfont="eorg104a900.sf2" pedsoundfont="eorg104a900.sf2" sysxmfr="" reverb="1" swellbank="0" greatbank="0" accbank="0" pedbank="0" audiogain="0.3" aTouchOn="0"/>
    <FS1 swell0="2201 qDiapason 8;3;0;31" great0="2101 qDiapason 16;0;0;9" acc0="2301 qGamba 16;30;0;17" ped0="2002 qO Diapason 16;0;0;9"/>
    <FS2 swell0="2211 zWaldhorn 16;25;0;116" great0="2110 zTromba 8;62;0;128" acc0="2313 zTrumpet 8;13;0;131" ped0="2011 zBombarde 32;60;0;108"/>
    <FS3 swell0="2202 qRohrflute 8;32;0;40" great0="2102 qDiapason1 8;2;0;31" acc0="2302 qFlute 8;43;0;43" ped0="2003 qDiapason 16;53;0;9"/>
    <FS4 swell0="2216 zTrumpet 8;13;0;131" great0="2112 zClarion 4;14;0;144" acc0="2309 zClarinet 8;49;0;132" ped0="2001 zUntersatz 32;52;0;108"/>
    <FS5 swell0="2203 qFlute Dolce 8;43;0;41" great0="2103 qDiapason2 8;3;0;31" acc0="2303 qGamba 8;19;0;37" ped0="2004 zContra Bass 16;25;0;116"/>
    <FS6 swell0="2213 zClarion 4;14;0;144" great0="2111 zTrumpet 8;13;0;131" acc0="2310 zOboe 8;27;0;133" ped0="2012 zTrombone 16;61;0;115"/>
    <FS7 swell0="2204 qFlute Celeste 8;20;0;35" great0="2104 qFlute 8;18;0;43" acc0="2304 qCeleste 8;20;0;35" ped0="2005 qBourdon 16;55;0;15"/>
    <FS8 swell0="2214 zOboe 8;27;0;133" great0="2113 qChimes;113;0;161" acc0="2311 zHorn 8;62;0;127" ped0="2013 zTromba 8;13;0;128"/>
    <FS9 swell0="2205 qSalicional 8;19;0;34" great0="2105 qOctave 4;5;0;56" acc0="2305 qDulciana 8;4;0;41" ped0="2006 qGamba 16;30;0;17"/>
    <FS10 swell0="2215 zVox 8;39;0;139" great0="2114 qCarillon;113;0;161" acc0="2312 zTuba 8;46;0;128" ped0=""/>
    <FS11 swell0="2206 qVoix Celeste 8;20;0;35" great0="2106 qFlute 4;22;0;63" acc0="2306 qFlute 4;22;0;63" ped0="2009 qOctave 8;56;0;40"/>
    <FS12 swell0="2218 qCelesta;20;0;35" great0="" acc0="2315 qHarp;123;0;157" ped0=""/>
    <FS13 swell0="2207 qOctave 4;5;0;56" great0="2107 q12th 2 2/3;32;+19;76" acc0="2307 qGamba 4;19;+12;56" ped0="2007 qGedakt 8;57;0;43"/>
    <FS14 swell0="" great0="" acc0="2316 qCelesta;20;0;35" ped0=""/>
    <FS15 swell0="2208 qFlute 4;22;0;63" great0="2108 qFifteenth 2;37;0;80" acc0="2308 qNazard 2 2/3;70;0;76" ped0="2008 qCello 8;42;0;34"/>
    <FS16 swell0="" great0="" acc0="2314 qZimbelstem;123;0;207" ped0=""/>
    <FS17 swell0="2209 qFlute 2;23;0;84" great0="2109 qHarmonics III;10;0;100" acc0="" ped0="2010 qOctave 4;5;0;56"/>
    <FS18 swell0="" great0="" acc0="" ped0=""/>
    <FS19 swell0="2210 qMixture V;41;0;100" great0="" acc0="" ped0=""/>
    <FS20 swell0="" great0="" acc0="" ped0=""/>
    <FS21 swell0="" great0="" acc0="" ped0=""/>
    <FS22 swell0="" great0="" acc0="" ped0=""/>
    <FS23 swell0="" great0="" acc0="" ped0="1212 Swell Oct;266"/>
    <FS24 swell0="" great0="" acc0="" ped0="1210 Swell Sub;265"/>
    <FS25 swell0="" great0="" acc0="" ped0="1211 Swl Uni Off;271"/>
    <FS26 swell0="" great0="" acc0="" ped0="1111 Swell to Grt;247"/>
    <FS27 swell0="" great0="" acc0="" ped0="1107 Great Oct;268"/>
    <FS28 swell0="" great0="" acc0="" ped0="1311 Swell to Acc;247"/>
    <FS29 swell0="" great0="" acc0="" ped0="1317 Acc Oct;270"/>
    <FS30 swell0="" great0="" acc0="" ped0="1011 Swell to Ped;247"/>
    <FS31 swell0="" great0="" acc0="" ped0="1006 Grt to Ped;248"/>
    <FS32 swell0="1720 Trem;123;0;500" great0="" acc0="1730 Trem;123;0;500" ped0="1016 Acc to Ped;250"/>
    <playorgan0 song0=""/>
    <PP swell0="" great0="" acc0="" ped0=""/>
    <P swell0="" great0="" acc0="" ped0=""/>
    <MF swell0="" great0="" acc0="" ped0=""/>
    <F swell0="" great0="" acc0="" ped0=""/>
    <FF swell0="" great0="" acc0="" ped0=""/>
    <P1 swell0="" great0="" acc0="" ped0=""/>
    <P2 swell0="" great0="" acc0="" ped0=""/>
    <P3 swell0="" great0="" acc0="" ped0=""/>
    <P4 swell0="" great0="" acc0="" ped0=""/>
    <P5 swell0="" great0="" acc0="" ped0=""/>
</eplayOrganSettings>
