<eplayOrganSettings>
    <organSelector version="3.1" numberoforgans="1" organselected="0" midioutput="None" midifileport="None" stopsport="None" pedport="None" accport="None" greatport="None" swellport="None" windowheight="760" windowwidth="900" windowy="190" windowx="190" immediatestart="0" audiodriver="dsound" audio1="default" audio2="default" audio3="default" audio4="default" translateinput="0" translateoutput="0"/>
    <organ0 organname="HW St Pons MicotV2-1" swellchan="4" validswellstop="2301;2302" greatchan="3" validgreatstop="2201;2202;2203;2204;2205;2206;2207;2208;2209;2210;2211;2212;2213;2214;2215" pedchan="1" validpedstop="2001;2002;2003;2004;2005;1020;1022;1024;1032;1038;1055;1057;1077;1078" stopchan="2;1" stopcode="nrpn" stopopen0="127" stopclose0="0" stopopen1="" stopclose1="" mastercancel="199;127" swellpedal="183;7;183;7" accchan="2" validaccstop="2101;2102;2103;2104;2105;2106;2107;2108;2109;2110;2111" percchan="" validpercstop="" swellsoundfont="eplayUniversalOrgan.sf2" greatsoundfont="eplayUniversalOrgan.sf2" accsoundfont="eplayUniversalOrgan.sf2" pedsoundfont="eplayUniversalOrgan.sf2" sysexmfr="" reverb="0" swellbank="1" greatbank="1" accbank="1" pedbank="1" audiogain="0.3" trem="120" aTouchOn="0" defaultswellstop="" defaultgreatstop="" defaultaccstop="" defaultpedstop=""/>
    <FS1 swell0="2301 qCornetZZV;41;0;100" great0="2213 qBourdonZZ16;55;0;12" acc0="2107 qBourdonZZ8;56;0;12" ped0="2003 qFluteZZ8;32;0;43"/>
    <FS2 swell0="" great0="" acc0="" ped0=""/>
    <FS3 swell0="2302 zTrumpetZZ8;13;0;131" great0="2209 qMontreZZ8;3;0;31" acc0="2109 qPrestantZZ4;2;0;56" ped0="2004 qFluteZZ4;22;0;56"/>
    <FS4 swell0="" great0="2206 qBourdonZZ8;56;0;40" acc0="2102 qFluteZZ8;32;0;43" ped0=""/>
    <FS5 swell0="" great0="2202 qPrestantZZ4;2;0;56" acc0="2110 qDoubletZZ2;23;0;84" ped0="2001 zTrumpetZZ8;13;0;128"/>
    <FS6 swell0="" great0="2210 qNazardZZ2 2/3;7;0;76" acc0="2105 qNazardZZ2 2/3;7;0;76" ped0=""/>
    <FS7 swell0="" great0="2207 qDoubletZZ2;23;0;84" acc0="2106 qFournitureZZIII;9;0;100" ped0="2002 zClarionZZ4;14;0;144"/>
    <FS8 swell0="" great0="2203 qQ NazardZZ2;37;0;80" acc0="2103 qTierceZZ1 3/5;32;+28;91" ped0=""/>
    <FS9 swell0="" great0="2211 qFournitureZZiV;9;0;100" acc0="2111 qCymbalZZII;9;0;100" ped0="2005 qBourdonZZ16;55;0;12"/>
    <FS10 swell0="" great0="2214 qTierceZZ1 3/5;32;+28;91" acc0="2108 qLarigotZZ1 1/3;32;+31;95" ped0=""/>
    <FS11 swell0="" great0="2204 qCymbalZZIII;10;0;100" acc0="2104 zCromorneZZ8;50;0;127" ped0=""/>
    <FS12 swell0="" great0="2201 qCornetZZV;41;0;100" acc0="" ped0=""/>
    <FS13 swell0="" great0="2215 zTrumpetZZ8;13;0;131" acc0="" ped0=""/>
    <FS14 swell0="" great0="2212 zVoxZZ8;39;0;139" acc0="" ped0=""/>
    <FS15 swell0="" great0="2208 qClarionZZ4;14;0;56" acc0="" ped0=""/>
    <FS16 swell0="" great0="" acc0="" ped0=""/>
    <FS17 swell0="" great0="" acc0="" ped0=""/>
    <FS18 swell0="" great0="" acc0="" ped0=""/>
    <FS19 swell0="" great0="" acc0="" ped0=""/>
    <FS20 swell0="" great0="" acc0="" ped0=""/>
    <FS21 swell0="" great0="" acc0="" ped0=""/>
    <FS22 swell0="" great0="" acc0="" ped0=""/>
    <FS23 swell0="" great0="" acc0="" ped0="1078 mSwellZZOct;266"/>
    <FS24 swell0="" great0="" acc0="" ped0="1077 mSwellZZSub;265"/>
    <FS25 swell0="" great0="" acc0="" ped0=""/>
    <FS26 swell0="" great0="" acc0="" ped0="1057 mSwellZZto Grt;247"/>
    <FS27 swell0="" great0="" acc0="" ped0="1055 mGreatZZOct;268"/>
    <FS28 swell0="" great0="" acc0="" ped0="1038 mSwellZZto Acc;247"/>
    <FS29 swell0="" great0="" acc0="" ped0="1032 mAccZZOct;270"/>
    <FS30 swell0="" great0="" acc0="" ped0="1024 mSwellZZto Ped;247"/>
    <FS31 swell0="" great0="2205 Trem;-2;0;176" acc0="2101 Trem;-2;0;176" ped0="1022 mGreatZZto Ped;248"/>
    <FS32 swell0="" great0="" acc0="" ped0="1020 mAccZZto Ped;250"/>
    <playorgan0 song0=""/>
    <PP swell0="" great0="" acc0="" ped0=""/>
    <P swell0="" great0="" acc0="" ped0=""/>
    <MF swell0="" great0="" acc0="" ped0=""/>
    <F swell0="" great0="" acc0="" ped0=""/>
    <FF swell0="" great0="" acc0="" ped0=""/>
    <P1 swell0="" great0="" acc0="" ped0=""/>
    <P2 swell0="" great0="" acc0="" ped0=""/>
    <P3 swell0="" great0="" acc0="" ped0=""/>
    <P4 swell0="" great0="" acc0="" ped0=""/>
    <P5 swell0="" great0="" acc0="" ped0=""/>
    <PP_1 swell0="" great0="" acc0="" ped0=""/>
    <P_1 swell0="" great0="" acc0="" ped0=""/>
    <MF_1 swell0="" great0="" acc0="" ped0=""/>
    <F_1 swell0="" great0="" acc0="" ped0=""/>
    <FF_1 swell0="" great0="" acc0="" ped0=""/>
    <P1_1 swell0="" great0="" acc0="" ped0=""/>
    <P2_1 swell0="" great0="" acc0="" ped0=""/>
    <P3_1 swell0="" great0="" acc0="" ped0=""/>
    <P4_1 swell0="" great0="" acc0="" ped0=""/>
    <P5_1 swell0="" great0="" acc0="" ped0=""/>
    <PP_2 swell0="" great0="" acc0="" ped0=""/>
    <P_2 swell0="" great0="" acc0="" ped0=""/>
    <MF_2 swell0="" great0="" acc0="" ped0=""/>
    <F_2 swell0="" great0="" acc0="" ped0=""/>
    <FF_2 swell0="" great0="" acc0="" ped0=""/>
    <P1_2 swell0="" great0="" acc0="" ped0=""/>
    <P2_2 swell0="" great0="" acc0="" ped0=""/>
    <P3_2 swell0="" great0="" acc0="" ped0=""/>
    <P4_2 swell0="" great0="" acc0="" ped0=""/>
    <P5_2 swell0="" great0="" acc0="" ped0=""/>
    <PP_3 swell0="" great0="" acc0="" ped0=""/>
    <P_3 swell0="" great0="" acc0="" ped0=""/>
    <MF_3 swell0="" great0="" acc0="" ped0=""/>
    <F_3 swell0="" great0="" acc0="" ped0=""/>
    <FF_3 swell0="" great0="" acc0="" ped0=""/>
    <P1_3 swell0="" great0="" acc0="" ped0=""/>
    <P2_3 swell0="" great0="" acc0="" ped0=""/>
    <P3_3 swell0="" great0="" acc0="" ped0=""/>
    <P4_3 swell0="" great0="" acc0="" ped0=""/>
    <P5_3 swell0="" great0="" acc0="" ped0=""/>
</eplayOrganSettings>
