<eplayOrganSettings>
    <organSelector version="3.1" numberoforgans="1" organselected="0" midioutput="None" midifileport="None" stopsport="None" pedport="None" accport="None" greatport="None" swellport="None" windowheight="760" windowwidth="900" windowy="190" windowx="190" immediatestart="0" audiodriver="dsound" audio1="default" audio2="default" audio3="default" audio4="default" translateinput="0" translateoutput="0"/>
    <organ0 organname="HW Peterborough Cathedral, HillV2-1" swellchan="3" validswellstop="2201;2202;2203;2204;2205;2206;2207;2208;2209;2210;2211;2212;2213;2214;2215;2216;2217;2218;1720" greatchan="2" validgreatstop="2101;2102;2103;2104;2105;2106;2107;2108;2109;2110;2111;2112;2113;2114;2115;2116;2117;2118;2119" pedchan="1" validpedstop="2001;2002;2003;2004;2005;2006;2007;2008;2009;2010;2011;2012;2013;2014;2015;2017;2018;2019;2020;2021;2022;2023;1006;1011;1016;1111;1210;1211;1212;1311;1032;1078" stopchan="2;1" stopcode="nrpn" stopopen0="127" stopclose0="0" stopopen1="" stopclose1="" mastercancel="199;127" swellpedal="178;11;179;11" accchan="4" validaccstop="2301;2302;2303;2304;2305;2306;2307;2308;2309;2310;2311;2312;1730" percchan="" validpercstop="" swellsoundfont="eplayUniversalOrgan.sf2" greatsoundfont="eplayUniversalOrgan.sf2" accsoundfont="eplayUniversalOrgan.sf2" pedsoundfont="eplayUniversalOrgan.sf2" sysexmfr="" reverb="0" swellbank="1" greatbank="1" accbank="1" pedbank="1" audiogain="0.2" trem="120" aTouchOn="0" defaultswellstop="" defaultgreatstop="" defaultaccstop="" defaultpedstop=""/>
    <FS1 swell0="2201 zClarionZZ4;14;0;144" great0="2101z PosauneZZ8;62;0;127" acc0="2312 zTrumpetZZ8;13;0;131" ped0="2001 zTrumpetZZ8;13;0;128"/>
    <FS2 swell0="2202 zHornZZ8;62;0;127" great0="2102 zClarionZZ4;14;0;132" acc0="2301 zBassoonZZ16;25;0;116" ped0="2002 zTromboneZZ16;61;0;116"/>
    <FS3 swell0="2203 zTrumpetZZ8;13;0;131" great0="2104 qCornetZZIV;41;0;100" acc0="2302 qMixtureZZIII;9;0;100" ped0="2005 zTromboneZZ32;60;0;108"/>
    <FS4 swell0="2204 zTrumpetZZ16;11;0;114" great0="2103 zPosauneZZ16;25;0;114" acc0="2303 qFlageoletZZ1;23;+12;95" ped0="2007 qMixtureZZIII;9;0;100"/>
    <FS5 swell0="2206 zOboeZZ16;27;-12;133" great0="2106 qMixtureZZIV;9;0;100" acc0="2304 qFlautZZ2;23;0;84" ped0="2009 qTwelfthZZII;9;0;100"/>
    <FS6 swell0="2205 zHautboyZZ8;25;+12;128" great0="2105 qMixtureZZIII;9;0;100" acc0="2305 qFifteenthZZ2;37;0;80" ped0="2011 zGemshornZZ4;21;0;144"/>
    <FS7 swell0="2208 qMixtureZZIII;9;0;100" great0="2108 qTwelfthZZ2 2/3;7;0;76" acc0="2306 qFluteZZ4;36;0;63" ped0="2013 qCelloZZ8;42;0;34"/>
    <FS8 swell0="2207 qCymbalZZIV;10;0;100" great0="2107 qFifteenthZZ2;37;0;84" acc0="2307 qPrincipalZZ4;35;0;56" ped0="2014 qFluteZZ8;32;0;43"/>
    <FS9 swell0="2210 qFluteZZ4;36;0;63" great0="2110 qPrincipalZZ4;35;0;56" acc0="2308 qS DiapZZ8;3;0;31" ped0="2015 qPrincipalZZ8;2;0;31"/>
    <FS10 swell0="2209 qFifteenthZZ2;37;0;84" great0="2109 qFluteZZ4;36;0;63" acc0="2309 qDulcianZZ8;16;+12;40" ped0="2017 qDulcianaZZ16;16;0;12"/>
    <FS11 swell0="2212 qPrincipalZZ4;35;0;56" great0="2112 qS DiapZZ8;3;0;31" acc0="2310 qO DiapZZ8;2;0;31" ped0="2018 qBourdonZZ16;55;0;15"/>
    <FS12 swell0="2211 qSalicetZZ4;19;+12;56" great0="2111 qPrincipalZZ4;35;0;56" acc0="2311 qBourdonZZ16;55;0;15" ped0="2019 qVioloneZZ16;42;-12;17"/>
    <FS13 swell0="2214 qSalicionalZZ8;19;0;34" great0="2114 qS FluteZZ8;32;0;43" acc0="" ped0="2020 qO WoodZZ16;0;0;9"/>
    <FS14 swell0="2213 qCelesteZZ8;20;0;35" great0="2113 qH FluteZZ8;32;0;43" acc0="" ped0="2021 qO DiapZZ16;0;0;9"/>
    <FS15 swell0="2216 qO Diap IIZZ8;2;0;31" great0="2116 qO Diap IIZZ8;2;0;31" acc0="" ped0="2022 qO DiapZZ32;52;0;2"/>
    <FS16 swell0="2215 qFluteZZ8;32;0;43" great0="2115 qO Diap IIIZZ8;2;0;31" acc0="" ped0="2004 zOboeZZ16;27;-12;133"/>
    <FS17 swell0="2218 qBourdonZZ16;55;0;15" great0="2118 qBourdonZZ16;55;0;12" acc0="" ped0="2003 zClarinetZZ16;49;-12;118"/>
    <FS18 swell0="2217 qO Diap IZZ8;2;0;31" great0="2117 qO Diap IZZ8;2;0;31" acc0="" ped0="2008 zPosauneZZ8;62;0;128"/>
    <FS19 swell0="" great0="" acc0="" ped0="2006 zClarionZZ4;14;0;144"/>
    <FS20 swell0="" great0="2119 qO DiapZZ16;0;0;9" acc0="" ped0="2012 zTubaZZ16;46;-12;115"/>
    <FS21 swell0="" great0="" acc0="" ped0="2010 zPosauneZZ16;61;0;114"/>
    <FS22 swell0="" great0="" acc0="" ped0=""/>
    <FS23 swell0="" great0="" acc0="" ped0="1212 SwellZZOct;266"/>
    <FS24 swell0="" great0="" acc0="" ped0="1210 SwellZZSub;265"/>
    <FS25 swell0="" great0="" acc0="" ped0="1211 SwellZZUni Off;271"/>
    <FS26 swell0="" great0="" acc0="" ped0="1111 SwellZZto Grt;247"/>
    <FS27 swell0="" great0="" acc0="" ped0="1032 mGreatZZOct;268"/>
    <FS28 swell0="" great0="" acc0="" ped0="1311 SwellZZto Acc;247"/>
    <FS29 swell0="" great0="" acc0="" ped0="1078 mAccZZ Oct;270"/>
    <FS30 swell0="" great0="" acc0="" ped0="1011 SwellZZto Ped;247"/>
    <FS31 swell0="" great0="" acc0="" ped0="1006 GreatZZto Ped;248"/>
    <FS32 swell0="1720 Trem;-2;0;176" great0="" acc0="1730 Trem;-2;0;176" ped0="1016 AccZZto Ped;250"/>
    <playorgan0 song0=""/>
    <PP swell0="" great0="" acc0="" ped0=""/>
    <P swell0="" great0="" acc0="" ped0=""/>
    <MF swell0="" great0="" acc0="" ped0=""/>
    <F swell0="" great0="" acc0="" ped0=""/>
    <FF swell0="" great0="" acc0="" ped0=""/>
    <P1 swell0="" great0="" acc0="" ped0=""/>
    <P2 swell0="" great0="" acc0="" ped0=""/>
    <P3 swell0="" great0="" acc0="" ped0=""/>
    <P4 swell0="" great0="" acc0="" ped0=""/>
    <P5 swell0="" great0="" acc0="" ped0=""/>
    <PP_1 swell0="" great0="" acc0="" ped0=""/>
    <P_1 swell0="" great0="" acc0="" ped0=""/>
    <MF_1 swell0="" great0="" acc0="" ped0=""/>
    <F_1 swell0="" great0="" acc0="" ped0=""/>
    <FF_1 swell0="" great0="" acc0="" ped0=""/>
    <P1_1 swell0="" great0="" acc0="" ped0=""/>
    <P2_1 swell0="" great0="" acc0="" ped0=""/>
    <P3_1 swell0="" great0="" acc0="" ped0=""/>
    <P4_1 swell0="" great0="" acc0="" ped0=""/>
    <P5_1 swell0="" great0="" acc0="" ped0=""/>
    <PP_2 swell0="" great0="" acc0="" ped0=""/>
    <P_2 swell0="" great0="" acc0="" ped0=""/>
    <MF_2 swell0="" great0="" acc0="" ped0=""/>
    <F_2 swell0="" great0="" acc0="" ped0=""/>
    <FF_2 swell0="" great0="" acc0="" ped0=""/>
    <P1_2 swell0="" great0="" acc0="" ped0=""/>
    <P2_2 swell0="" great0="" acc0="" ped0=""/>
    <P3_2 swell0="" great0="" acc0="" ped0=""/>
    <P4_2 swell0="" great0="" acc0="" ped0=""/>
    <P5_2 swell0="" great0="" acc0="" ped0=""/>
    <PP_3 swell0="" great0="" acc0="" ped0=""/>
    <P_3 swell0="" great0="" acc0="" ped0=""/>
    <MF_3 swell0="" great0="" acc0="" ped0=""/>
    <F_3 swell0="" great0="" acc0="" ped0=""/>
    <FF_3 swell0="" great0="" acc0="" ped0=""/>
    <P1_3 swell0="" great0="" acc0="" ped0=""/>
    <P2_3 swell0="" great0="" acc0="" ped0=""/>
    <P3_3 swell0="" great0="" acc0="" ped0=""/>
    <P4_3 swell0="" great0="" acc0="" ped0=""/>
    <P5_3 swell0="" great0="" acc0="" ped0=""/>
</eplayOrganSettings>
