<eplayOrganSettings>
    <organSelector version="3.0" numberoforgans="1" organselected="0" midioutput="None" midifileport="None" stopsport="None" pedport="None" accport="None" greatport="None" swellport="None" windowheight="760" windowwidth="900" windowy="190" windowx="190" immediatestart="0" audiodriver="dsound" audio1="default" audio2="default" audio3="default" audio4="default" translateinput="0" translateoutput="0"/>
    <organ0 organname="HW St Pons MicotV1" swellchan="4" validswellstop="2301;2302" greatchan="3" validgreatstop="2201;2202;2203;2204;2205;2206;2207;2208;2209;2210;2211;2212;2213;2214;2215" pedchan="1" validpedstop="2001;2002;2003;2004;2005;1020;1022;1024;1032;1038;1055;1057;1077;1078" stopchan="2;1" stopcode="nrpn" stopopen0="127" stopclose0="0" stopopen1="" stopclose1="" mastercancel="199;127" swellpedal="183;7;183;7" crescpedal="" accchan="2" validaccstop="2101;2102;2103;2104;2105;2106;2107;2108;2109;2110;2111" percchan="" validpercstop="" swellsoundfont="eorg104a900.sf2" greatsoundfont="eorg104a900.sf2" accsoundfont="eorg104a900.sf2" pedsoundfont="eorg104a900.sf2" sysexmfr="" reverb="1" swellbank="0" greatbank="0" accbank="0" pedbank="0" audiogain="0.3" aTouchOn="0"/>
    <FS1 swell0="2301 qCornet V;41;0;100" great0="2213 qBourdon 16;55;0;12" acc0="2107 qBourdon 8;56;0;12" ped0="2003 qFlute 8;32;0;43"/>
    <FS2 swell0="" great0="" acc0="" ped0=""/>
    <FS3 swell0="2302 zTrumpet 8;13;0;131" great0="2209 qMontre 8;3;0;31" acc0="2109 qPrestant 4;2;0;56" ped0="2004 qFlute 4;22;0;56"/>
    <FS4 swell0="" great0="2206 qBourdon 8;56;0;40" acc0="2102 qFlute 8;32;0;43" ped0=""/>
    <FS5 swell0="" great0="2202 qPrestant 4;2;0;56" acc0="2110 qDoublet 2;23;0;84" ped0="2001 zTrumpet 8;13;0;128"/>
    <FS6 swell0="" great0="2210 qNazard 2 2/3;7;0;76" acc0="2105 qNazard 2 2/3;7;0;76" ped0=""/>
    <FS7 swell0="" great0="2207 qDoublet 2;23;0;84" acc0="2106 qFourniture III;9;0;100" ped0="2002 zClarion 4;14;0;144"/>
    <FS8 swell0="" great0="2203 qQ Nazard 2;37;0;80" acc0="2103 qTierce 1 3/5;32;+28;91" ped0=""/>
    <FS9 swell0="" great0="2211 qFourniture iV;9;0;100" acc0="2111 qCymbal II;9;0;100" ped0="2005 qBourdon 16;55;0;12"/>
    <FS10 swell0="" great0="2214 qTierce 1 3/5;32;+28;91" acc0="2108 qLarigot 1 1/3;32;+31;95" ped0=""/>
    <FS11 swell0="" great0="2204 qCymbal III;10;0;100" acc0="2104 zCromorne 8;50;0;127" ped0=""/>
    <FS12 swell0="" great0="2201 qCornet V;41;0;100" acc0="" ped0=""/>
    <FS13 swell0="" great0="2215 zTrumpet 8;13;0;131" acc0="" ped0=""/>
    <FS14 swell0="" great0="2212 zVox 8;39;0;139" acc0="" ped0=""/>
    <FS15 swell0="" great0="2208 qClarion 4;14;0;56" acc0="" ped0=""/>
    <FS16 swell0="" great0="" acc0="" ped0=""/>
    <FS17 swell0="" great0="" acc0="" ped0=""/>
    <FS18 swell0="" great0="" acc0="" ped0=""/>
    <FS19 swell0="" great0="" acc0="" ped0=""/>
    <FS20 swell0="" great0="" acc0="" ped0=""/>
    <FS21 swell0="" great0="" acc0="" ped0=""/>
    <FS22 swell0="" great0="" acc0="" ped0=""/>
    <FS23 swell0="" great0="" acc0="" ped0="1078 mSwell Oct;266"/>
    <FS24 swell0="" great0="" acc0="" ped0="1077 mSwell Sub;265"/>
    <FS25 swell0="" great0="" acc0="" ped0=""/>
    <FS26 swell0="" great0="" acc0="" ped0="1057 mSwell to Grt;247"/>
    <FS27 swell0="" great0="" acc0="" ped0="1055 mGreat Oct;268"/>
    <FS28 swell0="" great0="" acc0="" ped0="1038 mSwell to Acc;247"/>
    <FS29 swell0="" great0="" acc0="" ped0="1032 mAcc Oct;270"/>
    <FS30 swell0="" great0="" acc0="" ped0="1024 mSwell to Ped;247"/>
    <FS31 swell0="" great0="2205 Trem;123;0;176" acc0="2101 Trem;123;0;176" ped0="1022 mGrt to Ped;248"/>
    <FS32 swell0="" great0="" acc0="" ped0="1020 mAcc to Ped;250"/>
    <playorgan0 song0=""/>
    <PP swell0="" great0="" acc0="" ped0=""/>
    <P swell0="" great0="" acc0="" ped0=""/>
    <MF swell0="" great0="" acc0="" ped0=""/>
    <F swell0="" great0="" acc0="" ped0=""/>
    <FF swell0="" great0="" acc0="" ped0=""/>
    <P1 swell0="" great0="" acc0="" ped0=""/>
    <P2 swell0="" great0="" acc0="" ped0=""/>
    <P3 swell0="" great0="" acc0="" ped0=""/>
    <P4 swell0="" great0="" acc0="" ped0=""/>
    <P5 swell0="" great0="" acc0="" ped0=""/>
</eplayOrganSettings>
