<eplayOrganSettings>
    <organSelector version="3.1" numberoforgans="1" organselected="0" midioutput="None" midifileport="None" stopsport="None" pedport="None" accport="None" greatport="None" swellport="None" windowheight="760" windowwidth="900" windowy="190" windowx="190" immediatestart="0" audiodriver="dsound" audio1="default" audio2="default" audio3="default" audio4="default" translateinput="0" translateoutput="0"/>
    <organ0 organname="HW St Mary Le Bow TickellV1-2" swellchan="3" validswellstop="2201;2202;2203;2204;2205;2206;2207;2208;2209;2210;2211;2212;2213;2299;3014" greatchan="2" validgreatstop="2101;2102;2103;2104;2105;2106;2107;2108;2109;2110;2111;2199;3013" pedchan="1" validpedstop="2001;2002;2003;2004;2005;2006;2007;1006;1011;1111;1032;1054;1055" stopchan="2;1" stopcode="nrpn" stopopen0="127" stopclose0="0" stopopen1="" stopclose1="" mastercancel="199;127" swellpedal="178;11;178;11" crescpedal="" accchan="" validaccstop="" percchan="" validpercstop="" swellsoundfont="eorg104a900.sf2" greatsoundfont="eorg104a900.sf2" accsoundfont="eorg104a900.sf2" pedsoundfont="eorg104a900.sf2" sysexmfr="" reverb="1" swellbank="" greatbank="" accbank="" pedbank="" audiogain="0.3" trem="120" aTouchOn="0" defaultswellstop="" defaultgreatstop="" defaultaccstop="" defaultpedstop=""/>
    <FS1 swell0="2213 zTrumpet 8;13;0;131" great0="2110 zCromorn 8;50;0;127" acc0="" ped0="2007 zTrumpet 8;13;0;128"/>
    <FS2 swell0="2212 zHautboy 8;25;+12;133" great0="2111 zTrumpet 8;13;0;131" acc0="" ped0=""/>
    <FS3 swell0="2211 zBassoon 16;25;0;116" great0="2108 qCornet III;41;0;100" acc0="" ped0="2006 zTrmbone 16;61;0;115"/>
    <FS4 swell0="2210 qMixture IV;9;0;100" great0="2109 qFurniture IV;9;0;100" acc0="" ped0=""/>
    <FS5 swell0="2209 qLarigot 1 1/3;32;+31;95" great0="2106 qFlute 4;22;0;63" acc0="" ped0="2005 qOctave 4;5;0;56"/>
    <FS6 swell0="2208 qTierce 1 3/5;32;+28;91" great0="2107 qFifteenth 2;37;0;80" acc0="" ped0=""/>
    <FS7 swell0="2207 qFlute 2;23;0;84" great0="2104 qS Diap 8;3;0;43" acc0="" ped0="2004 qFlute 8;32;0;43"/>
    <FS8 swell0="2206 qNazard 2 2/3;7;0;76" great0="2105 qPrincipal 4;35;0;56" acc0="" ped0=""/>
    <FS9 swell0="2205 qFlute 4;22;0;63" great0="2102 qO Diap 8;2;0;31" acc0="" ped0="2003 qPrincipal 8;35;-12&apos;;31"/>
    <FS10 swell0="2204 qPrincipal 4;35;0;56" great0="2103 qGamba 8;19;0;37" acc0="" ped0=""/>
    <FS11 swell0="2203 qFlute 8;18;0;43" great0="" acc0="" ped0="2002 qSubbas 16;52;+12;9"/>
    <FS12 swell0="2202 qViola 8;42;0;34" great0="2101 qBourdon 16;55;0;12" acc0="" ped0=""/>
    <FS13 swell0="2201 qCeleste 8;20;0;35" great0="3013 qBow Bells;113;0;167" acc0="" ped0="2001 qViolone 16;42;-12;17"/>
    <FS14 swell0="" great0="" acc0="" ped0=""/>
    <FS15 swell0="" great0="" acc0="" ped0=""/>
    <FS16 swell0="" great0="" acc0="" ped0=""/>
    <FS17 swell0="" great0="" acc0="" ped0=""/>
    <FS18 swell0="" great0="" acc0="" ped0=""/>
    <FS19 swell0="" great0="" acc0="" ped0=""/>
    <FS20 swell0="" great0="" acc0="" ped0=""/>
    <FS21 swell0="" great0="" acc0="" ped0=""/>
    <FS22 swell0="" great0="" acc0="" ped0=""/>
    <FS23 swell0="" great0="" acc0="" ped0="1055 mSwell Oct;266"/>
    <FS24 swell0="" great0="" acc0="" ped0="1054 mSwell Sub;265"/>
    <FS25 swell0="" great0="" acc0="" ped0=""/>
    <FS26 swell0="" great0="" acc0="" ped0="1111 Swell to Gr;247"/>
    <FS27 swell0="" great0="" acc0="" ped0="1032 mGreat Oct;268"/>
    <FS28 swell0="" great0="" acc0="" ped0=""/>
    <FS29 swell0="" great0="" acc0="" ped0=""/>
    <FS30 swell0="3014 Midi on Swl;123" great0="" acc0="" ped0="1011 Swell to Ped;247"/>
    <FS31 swell0="" great0="" acc0="" ped0="1006 Grt to Ped;248"/>
    <FS32 swell0="2299 Trem;-2;0;176" great0="2199 Trem;-2;0;176" acc0="" ped0=""/>
    <playorgan0 song0=""/>
    <PP swell0="" great0="" acc0="" ped0=""/>
    <P swell0="" great0="" acc0="" ped0=""/>
    <MF swell0="" great0="" acc0="" ped0=""/>
    <F swell0="" great0="" acc0="" ped0=""/>
    <FF swell0="" great0="" acc0="" ped0=""/>
    <P1 swell0="" great0="" acc0="" ped0=""/>
    <P2 swell0="" great0="" acc0="" ped0=""/>
    <P3 swell0="" great0="" acc0="" ped0=""/>
    <P4 swell0="" great0="" acc0="" ped0=""/>
    <P5 swell0="" great0="" acc0="" ped0=""/>
    <PP_1 swell0="" great0="" acc0="" ped0=""/>
    <P_1 swell0="" great0="" acc0="" ped0=""/>
    <MF_1 swell0="" great0="" acc0="" ped0=""/>
    <F_1 swell0="" great0="" acc0="" ped0=""/>
    <FF_1 swell0="" great0="" acc0="" ped0=""/>
    <P1_1 swell0="" great0="" acc0="" ped0=""/>
    <P2_1 swell0="" great0="" acc0="" ped0=""/>
    <P3_1 swell0="" great0="" acc0="" ped0=""/>
    <P4_1 swell0="" great0="" acc0="" ped0=""/>
    <P5_1 swell0="" great0="" acc0="" ped0=""/>
    <PP_2 swell0="" great0="" acc0="" ped0=""/>
    <P_2 swell0="" great0="" acc0="" ped0=""/>
    <MF_2 swell0="" great0="" acc0="" ped0=""/>
    <F_2 swell0="" great0="" acc0="" ped0=""/>
    <FF_2 swell0="" great0="" acc0="" ped0=""/>
    <P1_2 swell0="" great0="" acc0="" ped0=""/>
    <P2_2 swell0="" great0="" acc0="" ped0=""/>
    <P3_2 swell0="" great0="" acc0="" ped0=""/>
    <P4_2 swell0="" great0="" acc0="" ped0=""/>
    <P5_2 swell0="" great0="" acc0="" ped0=""/>
    <PP_3 swell0="" great0="" acc0="" ped0=""/>
    <P_3 swell0="" great0="" acc0="" ped0=""/>
    <MF_3 swell0="" great0="" acc0="" ped0=""/>
    <F_3 swell0="" great0="" acc0="" ped0=""/>
    <FF_3 swell0="" great0="" acc0="" ped0=""/>
    <P1_3 swell0="" great0="" acc0="" ped0=""/>
    <P2_3 swell0="" great0="" acc0="" ped0=""/>
    <P3_3 swell0="" great0="" acc0="" ped0=""/>
    <P4_3 swell0="" great0="" acc0="" ped0=""/>
    <P5_3 swell0="" great0="" acc0="" ped0=""/>
</eplayOrganSettings>
