<eplayOrganSettings>
    <organSelector version="3.0" numberoforgans="1" organselected="0" midioutput="None" midifileport="None" stopsport="None" pedport="None" accport="None" greatport="None" swellport="None" windowheight="760" windowwidth="900" windowy="190" windowx="190" immediatestart="0" audiodriver="dsound" audio1="default" audio2="default" audio3="default" audio4="default" translateinput="0" translateoutput="0"/>
    <organ0 organname="HW Silbermann, Freiberg (nrpn)" swellchan="3" validswellstop="2201;2202;2203;2204;2205;2206;2207;2208;2209;2210;2211;2212;2213;2214" greatchan="2" validgreatstop="2101;2102;2103;2104;2105;2106;2107;2108;2109;2110;2111;2112;2113;2114;2115" pedchan="1" validpedstop="2001;2002;2003;2004;2005;2106;2107;1006;1111" stopchan="2" stopcode="nrpn" stopopen0="127" stopclose0="0" stopopen1="" stopclose1="" mastercancel="199;127" swellpedal="183;7;183;7" crescpedal="" accchan="" validaccstop="" percchan="" validpercstop="" swellsoundfont="eorg104a900.sf2" greatsoundfont="eorg104a900.sf2" accsoundfont="eorg104a900.sf2" pedsoundfont="eorg104a900.sf2" sysexmfr="" reverb="1" swellbank="0" greatbank="0" accbank="0" pedbank="0" audiogain="0.3" aTouchOn="0"/>
    <FS1 swell0="2208 qQuintadena 16;16;0;15" great0="2101 qPrincipal 16;0;0;9" acc0="" ped0="2004 qUntersatz 32;52;0;2"/>
    <FS2 swell0="2202 qGedakt 8;32;0;43" great0="2109 qViol di Gamba 8;19;0;37" acc0="" ped0="2002 zPosaune16;11;0;114"/>
    <FS3 swell0="2201 qPrincipal 8;2;0;31" great0="2108 qOctave 8;56;0;43" acc0="" ped0="2001 qPrincipal 16;0;0;9"/>
    <FS4 swell0="2203 qQuintadena 8;44;0;40" great0="2114 qFlute 8;18;0;43" acc0="" ped0="2003 zTrompet 8;13;0;128"/>
    <FS5 swell0="2209 qOctave 4;5;0;56" great0="2103 qOctave 4;5;0;56" acc0="" ped0="2005 qOctave 8;56;0;43"/>
    <FS6 swell0="2210 qRohrflote 4;22;0;63" great0="2104 qFlute 4;22;0;63" acc0="" ped0=""/>
    <FS7 swell0="2211 qOctave 2;23;0;84" great0="2110 qQuinta 3;7;0;76" acc0="" ped0=""/>
    <FS8 swell0="2204 qNazat 3;7;0;76" great0="2111 qTertia aus 2;23;0;84" acc0="" ped0=""/>
    <FS9 swell0="2205 qQuinta 1 1/2;22;+16;91" great0="2105 qOctave 2;23;0;84" acc0="" ped0=""/>
    <FS10 swell0="2206 qQuint Altra;37;0;91" great0="2102 qCornet IV;41;0;100" acc0="" ped0=""/>
    <FS11 swell0="2213 qMixture III;9;0;100" great0="2112 qMixture IV;9;0;100" acc0="" ped0=""/>
    <FS12 swell0="2212 qSufflot 1;23;0;84" great0="2106 zFachott 16;25;0;132" acc0="" ped0=""/>
    <FS13 swell0="2214 qSchwebung;20;0;35" great0="2113 qCymbel III;10;0;100" acc0="" ped0=""/>
    <FS14 swell0="2207 zVox 8;39;0;139" great0="2107 zTrumpet 8;13;0;128" acc0="" ped0=""/>
    <FS15 swell0="" great0="" acc0="" ped0=""/>
    <FS16 swell0="" great0="" acc0="" ped0=""/>
    <FS17 swell0="" great0="" acc0="" ped0=""/>
    <FS18 swell0="" great0="" acc0="" ped0=""/>
    <FS19 swell0="" great0="" acc0="" ped0=""/>
    <FS20 swell0="" great0="" acc0="" ped0=""/>
    <FS21 swell0="" great0="" acc0="" ped0="1006 Bass Ventil;123"/>
    <FS22 swell0="" great0="" acc0="" ped0=""/>
    <FS23 swell0="" great0="" acc0="" ped0=""/>
    <FS24 swell0="" great0="" acc0="" ped0=""/>
    <FS25 swell0="" great0="" acc0="" ped0=""/>
    <FS26 swell0="" great0="" acc0="" ped0="1111 Swell to Grt;247"/>
    <FS27 swell0="" great0="" acc0="" ped0=""/>
    <FS28 swell0="" great0="" acc0="" ped0=""/>
    <FS29 swell0="" great0="" acc0="" ped0=""/>
    <FS30 swell0="" great0="" acc0="" ped0=""/>
    <FS31 swell0="" great0="2115 Trem;123;0;500" acc0="" ped0=""/>
    <FS32 swell0="" great0="" acc0="" ped0=""/>
    <playorgan0 song0=""/>
    <PP swell0="" great0="" acc0="" ped0=""/>
    <P swell0="" great0="" acc0="" ped0=""/>
    <MF swell0="" great0="" acc0="" ped0=""/>
    <F swell0="" great0="" acc0="" ped0=""/>
    <FF swell0="" great0="" acc0="" ped0=""/>
    <P1 swell0="" great0="" acc0="" ped0=""/>
    <P2 swell0="" great0="" acc0="" ped0=""/>
    <P3 swell0="" great0="" acc0="" ped0=""/>
    <P4 swell0="" great0="" acc0="" ped0=""/>
    <P5 swell0="" great0="" acc0="" ped0=""/>
</eplayOrganSettings>
