<eplayOrganSettings>
    <organSelector version="3.1" numberoforgans="1" organselected="0" midioutput="None" midifileport="None" stopsport="None" pedport="None" accport="None" greatport="None" swellport="None" windowheight="760" windowwidth="900" windowy="190" windowx="190" immediatestart="0" audiodriver="dsound" audio1="default" audio2="default" audio3="default" audio4="default" translateinput="0" translateoutput="0"/>
    <organ0 organname="Allen Generic Theatre Organ (TH317+)V1.0" swellchan="4" validswellstop="12;17;18;127;128;129;40;132;136;31;34;35;135;138;140;141;154;156;161;166;59;60;63;76;84;91;114;121;124;162;163;178;251;269;270;271" greatchan="1" validgreatstop="12;18;34;35;40;42;60;63;113;114;115;9;17;118;121;124;127;128;129;31;132;135;53;56;59;65;84;91;154;161;162;163;176;266" pedchan="3" validpedstop="2;113;115;9;12;17;127;128;129;31;34;35;40;132;154;166;42;202;203;247;248;250;251;266;268;269;270;271" stopchan="" stopcode="nrpn" stopopen0="127" stopclose0="0" stopopen1="" stopclose1="" mastercancel="199;127" swellpedal="177;7;176;7" accchan="2" validaccstop="127;128;31;34;35;40;132;133;42;44;138;147;154;156;56;60;63;59;66;84;166;176;203;204;205;209;210;207;251;268" percchan="" validpercstop="" swellsoundfont="eplayUniversalOrgan.sf2" greatsoundfont="eplayUniversalOrgan.sf2" accsoundfont="eplayUniversalOrgan.sf2" pedsoundfont="eplayUniversalOrgan.sf2" sysexmfr="" reverb="0" swellbank="0" greatbank="0" accbank="0" pedbank="0" audiogain="0.2" trem="50" aTouchOn="0" defaultswellstop="" defaultgreatstop="" defaultaccstop="" defaultpedstop=""/>
    <FS1 swell0="114 zTrumpetZZ16;1;-12;114" great0="113 zHornZZ16;0;-12;114" acc0="127 zHornZZ8;0;0;127" ped0="2 qTibiaZZ32;25;-24;2"/>
    <FS2 swell0="138 zVoxZZ8;39;0;139" great0="129 zTrumpetZZ8;13;0;131" acc0="147 zVoxZZ4;39;+12;139" ped0="35 qCelesteZZ8;24;0;40"/>
    <FS3 swell0="121 zVoxZZ16;39;-12;124" great0="114 zTrumpetZZ16;1;-12;114" acc0="128 zTubaZZ8;6;0;128" ped0="113 zPost HornZZ16;1;-12;114"/>
    <FS4 swell0="140 zKrumetZZ8;41;0;141" great0="132 zClarinetZZ8;32;0;132" acc0="84 qPiccoloZZ2;44;+24;84" ped0="40 qTibiaZZ8;18;0;40"/>
    <FS5 swell0="124 zSaxZZ16;35;-12;141" great0="115 zTubaZZ16;6;-12;115" acc0="31 qDiapasonZZ8;10;0;31" ped0="115 zHornZZ16;0;-12;115"/>
    <FS6 swell0="141 zSaxZZ8;35;0;141" great0="135 zOboeZZ8;33;0;133" acc0="154 qPianoZZ8;100;0;154" ped0="132 zClarinetZZ8;32;0;144"/>
    <FS7 swell0="12 qTibiaZZ16;18;-12;12" great0="9 qDiapasonZZ16;10;-12;9" acc0="34 qViolinZZ8;25;0;37" ped0="9 qDiapasonZZ16;10;-12;9"/>
    <FS8 swell0="59 qStringZZ4;25;+12;34" great0="35 yCelesteZZ8;26;0;35" acc0="156 qHarpZZ8;110;0;157" ped0="42 qFluteZZ8;46;0;43"/>
    <FS9 swell0="17 qSolo StringZZ16;25;-12;34" great0="12 qTibiaZZ16;18;-12;12" acc0="132 zClarinetZZ8;32;0;132" ped0="12 qTibiaZZ16;18;-12;12"/>
    <FS10 swell0="60 yCelesteZZ4;26;+12;35" great0="53 qFifthZZ5 1/3;44;+7;53" acc0="166 qChrysoglot;108;0;166" ped0="154 qPianoZZ8;100;0;128"/>
    <FS11 swell0="18 yCelesteZZ16;26;-12;35" great0="17 qViolinZZ16;25;-12;35" acc0="133 zOboeZZ8;33;0;133" ped0="17 qViolinZZ16;30;0;17"/>
    <FS12 swell0="63 qPiccoloZZ4;44;+12;63" great0="56 qOctaveZZ4;10;+12;56" acc0="203 qCymbal;P;53;203" ped0="166  qChryso;108;0;128"/>
    <FS13 swell0="127 zHornZZ8;0;0;127" great0="118 zClarinetZZ16;32;-12;118" acc0="35 yCelesteZZ8;26;0;37" ped0="127 zPost HornZZ8;1;0;114"/>
    <FS14 swell0="76 q12thZZ2 2/3;44;+19;76" great0="59 qViolinZZ4;25;+12;59" acc0="204 qHigh Hat;P;69;208" ped0="202 qBassZZDrum;P;36;202"/>
    <FS15 swell0="128 zTubaZZ8;6;0;128" great0="18 yCelesteZZ16;26;-12;35" acc0="40 qTibiaZZ8;18;0;40" ped0="128 zTubaZZ8;6;0;128"/>
    <FS16 swell0="84 qPiccoloZZ2;44;+24;84" great0="63 qPiccoloZZ4;23;-12;63" acc0="205 qSnareZZDrum;P;38;205" ped0="203 qCymbal;P;53;203"/>
    <FS17 swell0="129 zTrumpetZZ8;13;0;131" great0="121 zVozZZ16;39;-12;139" acc0="42 qFluteZZ8;46;0;43" ped0="129 zTrumpetZZ8;1;0;114"/>
    <FS18 swell0="91 qTierceZZ1 3/5;44;+28;91" great0="60 yCelesteZZ4;26;+12;35" acc0="207 qTambourine;P;54;207" ped0=""/>
    <FS19 swell0="31 qDiapasonZZ8;10;0;31" great0="124 zSaxZZ16;71;-12;118" acc0="44 qQuintZZ8;14;0;43" ped0="31 qDiapasonZZ8;10;0;31"/>
    <FS20 swell0="154  qPianoZZ8;100;0;139" great0="84 qPiccoloZZ2;44;+24;84" acc0="209 qTom Tom;P;50;209" ped0=""/>
    <FS21 swell0="34 qSolo StringZZ8;30;0;34" great0="127 zHornZZ8;0;0;127" acc0="138 zVoxZZ8;39;0;139" ped0="34 qStringZZ8;21;0;34"/>
    <FS22 swell0="156 qHarpZZ8;110;0;157" great0="91 qTierceZZ1 3/5;44;+28;91" acc0="210 qWoodZZBlock;P;76;210" ped0=""/>
    <FS23 swell0="40 qTibiaZZ8;18;0;40" great0="128 zTubaZZ8;6;0;128" acc0="56 qOctaveZZ4;10;+12;56" ped0="270 SwellZZOct;266"/>
    <FS24 swell0="161 qChimes;113;0;161" great0="154 qPianoZZ8;100;0;154" acc0="" ped0="269 SwellZZSub;265"/>
    <FS25 swell0="132 zClarinetZZ8;32;0;132" great0="31 qDiapasonZZ8;10;0;31" acc0="59 qViolinZZ4;25;+12;37" ped0="271 SwellZZUni Off;271"/>
    <FS26 swell0="162 qGlock;103;0;162" great0="161 qChimes;113;0;161" acc0="" ped0="251 SwellZZto Gr;247"/>
    <FS27 swell0="135 zOboeZZ8;33;0;133" great0="34 qViolinZZ8;25;0;37" acc0="60 yCelesteZZ4;26;+12;63" ped0="266 GreatZZOct;268"/>
    <FS28 swell0="163 qXylophone;105;0;163" great0="162 qGlock;103;0;162" acc0="" ped0="250 SwellZZto Acc;247"/>
    <FS29 swell0="136 zKinuraZZ8;34;0;133" great0="40 qTibiaZZ8;18;0;40" acc0="63 qPiccoloZZ4;44;+12;63" ped0="268 AccompZZOct;270"/>
    <FS30 swell0="166 qChryso;20;0;166" great0="163 qXylophone;105;0;163" acc0="" ped0="251 SwellZZto Ped;247"/>
    <FS31 swell0="35 yCelesteZZ8;26;0;35" great0="42 qFluteZZ8;46;0;43" acc0="66 qFluteZZ4;46;+12;63" ped0="247 GreatZZto Ped;248"/>
    <FS32 swell0="178 Trem;-2;0;176" great0="176 Trem;-2;0;176" acc0="176 Trem;-2;0;176" ped0="248 AccompZZto Ped;250"/>
    <playorgan0 song0=""/>
    <PP swell0="" great0="" acc0="" ped0=""/>
    <P swell0="" great0="" acc0="" ped0=""/>
    <MF swell0="" great0="" acc0="" ped0=""/>
    <F swell0="" great0="" acc0="" ped0=""/>
    <FF swell0="" great0="" acc0="" ped0=""/>
    <P1 swell0="" great0="" acc0="" ped0=""/>
    <P2 swell0="" great0="" acc0="" ped0=""/>
    <P3 swell0="" great0="" acc0="" ped0=""/>
    <P4 swell0="" great0="" acc0="" ped0=""/>
    <P5 swell0="" great0="" acc0="" ped0=""/>
    <PP_1 swell0="" great0="" acc0="" ped0=""/>
    <P_1 swell0="" great0="" acc0="" ped0=""/>
    <MF_1 swell0="" great0="" acc0="" ped0=""/>
    <F_1 swell0="" great0="" acc0="" ped0=""/>
    <FF_1 swell0="" great0="" acc0="" ped0=""/>
    <P1_1 swell0="" great0="" acc0="" ped0=""/>
    <P2_1 swell0="" great0="" acc0="" ped0=""/>
    <P3_1 swell0="" great0="" acc0="" ped0=""/>
    <P4_1 swell0="" great0="" acc0="" ped0=""/>
    <P5_1 swell0="" great0="" acc0="" ped0=""/>
    <PP_2 swell0="" great0="" acc0="" ped0=""/>
    <P_2 swell0="" great0="" acc0="" ped0=""/>
    <MF_2 swell0="" great0="" acc0="" ped0=""/>
    <F_2 swell0="" great0="" acc0="" ped0=""/>
    <FF_2 swell0="" great0="" acc0="" ped0=""/>
    <P1_2 swell0="" great0="" acc0="" ped0=""/>
    <P2_2 swell0="" great0="" acc0="" ped0=""/>
    <P3_2 swell0="" great0="" acc0="" ped0=""/>
    <P4_2 swell0="" great0="" acc0="" ped0=""/>
    <P5_2 swell0="" great0="" acc0="" ped0=""/>
    <PP_3 swell0="" great0="" acc0="" ped0=""/>
    <P_3 swell0="" great0="" acc0="" ped0=""/>
    <MF_3 swell0="" great0="" acc0="" ped0=""/>
    <F_3 swell0="" great0="" acc0="" ped0=""/>
    <FF_3 swell0="" great0="" acc0="" ped0=""/>
    <P1_3 swell0="" great0="" acc0="" ped0=""/>
    <P2_3 swell0="" great0="" acc0="" ped0=""/>
    <P3_3 swell0="" great0="" acc0="" ped0=""/>
    <P4_3 swell0="" great0="" acc0="" ped0=""/>
    <P5_3 swell0="" great0="" acc0="" ped0=""/>
</eplayOrganSettings>
