<eplayOrganSettings>
    <organSelector version="3.1" numberoforgans="1" organselected="0" midioutput="None" midifileport="None" stopsport="None" pedport="None" accport="None" greatport="None" swellport="None" windowheight="760" windowwidth="900" windowy="190" windowx="190" immediatestart="0" audiodriver="dsound" audio1="default" audio2="default" audio3="default" audio4="default" translateinput="0" translateoutput="0"/>
    <organ0 organname="HW Skinner 1301 Oakland(nrpn)V2-1" swellchan="4" validswellstop="2301;2302;2303;2304;2305;2306;2307;2308;2309;2310;2311;2312;2313;2314" greatchan="3" validgreatstop="2201;2202;2203;2204;2205;2206;2207;2208;2209;2210" pedchan="1" validpedstop="2001;2002;2003;2004;2005;2006;2007;2008;2009;2010;2011;2012;2013;1011;1016;1006;1216;1116;2310;1315;1317;1212;1107" stopchan="2" stopcode="nrpn" stopopen0="127" stopclose0="0" stopopen1="" stopclose1="" mastercancel="199;127" swellpedal="179;11;177;11" accchan="2" validaccstop="2101;2102;2103;2104;2105;2106;2107;2108;2109;2110;2111;2112;2113;2114" percchan="" validpercstop="" swellsoundfont="eplayUniversalOrgan.sf2" greatsoundfont="eplayUniversalOrgan.sf2" accsoundfont="eplayUniversalOrgan.sf2" pedsoundfont="eplayUniversalOrgan.sf2" sysexmfr="" reverb="0" swellbank="1" greatbank="1" accbank="1" pedbank="1" audiogain="0.3" trem="120" aTouchOn="0" defaultswellstop="" defaultgreatstop="" defaultaccstop="" defaultpedstop=""/>
    <FS1 swell0="2301 zTrumpetZZ8;13;0;131" great0="2201 qZimbel;9;0;207" acc0="2102 zBombardZZ8;46;0;128" ped0="2001 zTrumpetZZ8;13;0;131"/>
    <FS2 swell0="2306 zFagotZZ16;25;0;116" great0="2207 zBombardZZ8;46;0;128" acc0="2107 zKrummhornZZ8;50;0;127" ped0="2007 qRohr SchalZZ4;58;0;63"/>
    <FS3 swell0="2302 qScharfZZIII;9;0;100" great0="2202 qMixtureZZIV;9;0;100" acc0="2103 qzimbelZZIII;9;0;100" ped0="2002 zPosauneZZ16;60;0;114"/>
    <FS4 swell0="2307 qQuintZZ1 1/3;45;+19;95" great0="2208 qPrestantZZ2;2;+24;84" acc0="2108 qFluteZZ2;23;0;80" ped0="2008 zFagotZZ16;25;0;116"/>
    <FS5 swell0="2303 qPrincipalZZ4;35;0;56" great0="2203 qOctaveZZ4;5;0;56" acc0="2104 qPrincipalZZ2;35;+12;84" ped0="2003 qCh BassZZ4;45;0;56"/>
    <FS6 swell0="2308 qRohr FlZZ4;22;0;63" great0="2209 qFluteZZ4;22;0;63" acc0="2109 qPommerZZ4;22;0;56" ped0="2009 qGedaktZZ4;22;0;56"/>
    <FS7 swell0="2304 qViolaZZ8;42;0;34" great0="2204 qPrincipalZZ8;3;0;31" acc0="2105 qFluteZZ8;32;0;43" ped0="2004 qOctaveZZ8;56;0;40"/>
    <FS8 swell0="2309 qCelesteZZ8;20;0;35" great0="2210 qBourdonZZ8;18;0;43" acc0="2110 qCelesteZZ8;20;0;37" ped0="2010 qGedaktZZ8;32;0;43"/>
    <FS9 swell0="2311 zClarinetZZ4;14;0;144" great0="2205 zGemshornZZ16;21;-24;115" acc0="" ped0="2005 qPrincipalZZ16;0;0;9"/>
    <FS10 swell0="" great0="" acc0="2111 qRohr SchalZZ4;36;0;63" ped0="2011 qGedaktZZ16;55;0;15"/>
    <FS11 swell0="2312 zVoxZZ8;39;0;139" great0="" acc0="" ped0="2006 zSubBassZZ16;52;+12;108"/>
    <FS12 swell0="" great0="" acc0="2112 qTerzZZ1 3/5;32;+28;91" ped0="2012 zGemshornZZ16;21;-24;115"/>
    <FS13 swell0="2313 zNachthornZZ2;21;+12;144" great0="" acc0="" ped0=""/>
    <FS14 swell0="" great0="" acc0="2113 qNazatZZ2 2/3;7;0;76" ped0="2013 qUnter SatzZZ32;52;0;2"/>
    <FS15 swell0="2314 qGedaktZZ8;32;0;43" great0="" acc0="" ped0=""/>
    <FS16 swell0="" great0="" acc0="2114 qSpitz FluteZZ8;18;0;41" ped0=""/>
    <FS17 swell0="" great0="" acc0="" ped0=""/>
    <FS18 swell0="" great0="" acc0="" ped0=""/>
    <FS19 swell0="" great0="" acc0="" ped0=""/>
    <FS20 swell0="" great0="" acc0="" ped0=""/>
    <FS21 swell0="" great0="" acc0="" ped0=""/>
    <FS22 swell0="" great0="" acc0="" ped0=""/>
    <FS23 swell0="" great0="" acc0="" ped0="1317 SwellZZOct;266"/>
    <FS24 swell0="" great0="" acc0="" ped0="1315 SwellZZSub;265"/>
    <FS25 swell0="" great0="" acc0="" ped0="2310 SwellZZUni Off;271"/>
    <FS26 swell0="" great0="" acc0="" ped0="1216 SwellZZto Grt;247"/>
    <FS27 swell0="" great0="" acc0="" ped0="1212 GreatZZOct;268"/>
    <FS28 swell0="" great0="" acc0="" ped0="1116 SwellZZto Acc;247"/>
    <FS29 swell0="" great0="" acc0="" ped0="1107 AccZZOct;270"/>
    <FS30 swell0="" great0="" acc0="" ped0="1016 SwellZZto Ped;247"/>
    <FS31 swell0="" great0="" acc0="" ped0="1011 GrtZZto Ped;248"/>
    <FS32 swell0="2305 Trem;-2;0;176" great0="" acc0="2101 Trem;-2;0;176" ped0="1006 AccZZto Ped;250"/>
    <playorgan0 song0=""/>
    <PP swell0="" great0="2202;2203;2204;" acc0="" ped0=""/>
    <P swell0="" great0="2208;2209;2210;" acc0="" ped0=""/>
    <MF swell0="" great0="" acc0="" ped0=""/>
    <F swell0="" great0="" acc0="" ped0=""/>
    <FF swell0="" great0="" acc0="" ped0=""/>
    <P1 swell0="" great0="" acc0="" ped0=""/>
    <P2 swell0="" great0="" acc0="" ped0=""/>
    <P3 swell0="" great0="" acc0="" ped0=""/>
    <P4 swell0="" great0="" acc0="" ped0=""/>
    <P5 swell0="" great0="" acc0="" ped0=""/>
    <PP_1 swell0="" great0="" acc0="" ped0=""/>
    <P_1 swell0="" great0="" acc0="" ped0=""/>
    <MF_1 swell0="" great0="" acc0="" ped0=""/>
    <F_1 swell0="" great0="" acc0="" ped0=""/>
    <FF_1 swell0="" great0="" acc0="" ped0=""/>
    <P1_1 swell0="" great0="" acc0="" ped0=""/>
    <P2_1 swell0="" great0="" acc0="" ped0=""/>
    <P3_1 swell0="" great0="" acc0="" ped0=""/>
    <P4_1 swell0="" great0="" acc0="" ped0=""/>
    <P5_1 swell0="" great0="" acc0="" ped0=""/>
    <PP_2 swell0="" great0="" acc0="" ped0=""/>
    <P_2 swell0="" great0="" acc0="" ped0=""/>
    <MF_2 swell0="" great0="" acc0="" ped0=""/>
    <F_2 swell0="" great0="" acc0="" ped0=""/>
    <FF_2 swell0="" great0="" acc0="" ped0=""/>
    <P1_2 swell0="" great0="" acc0="" ped0=""/>
    <P2_2 swell0="" great0="" acc0="" ped0=""/>
    <P3_2 swell0="" great0="" acc0="" ped0=""/>
    <P4_2 swell0="" great0="" acc0="" ped0=""/>
    <P5_2 swell0="" great0="" acc0="" ped0=""/>
    <PP_3 swell0="" great0="" acc0="" ped0=""/>
    <P_3 swell0="" great0="" acc0="" ped0=""/>
    <MF_3 swell0="" great0="" acc0="" ped0=""/>
    <F_3 swell0="" great0="" acc0="" ped0=""/>
    <FF_3 swell0="" great0="" acc0="" ped0=""/>
    <P1_3 swell0="" great0="" acc0="" ped0=""/>
    <P2_3 swell0="" great0="" acc0="" ped0=""/>
    <P3_3 swell0="" great0="" acc0="" ped0=""/>
    <P4_3 swell0="" great0="" acc0="" ped0=""/>
    <P5_3 swell0="" great0="" acc0="" ped0=""/>
</eplayOrganSettings>
