<eplayOrganSettings>
    <organSelector version="3.0" numberoforgans="1" organselected="0" midioutput="None" midifileport="None" stopsport="None" pedport="None" accport="None" greatport="None" swellport="None" windowheight="760" windowwidth="900" windowy="190" windowx="190" immediatestart="0" audiodriver="dsound" audio1="default" audio2="default" audio3="default" audio4="default" translateinput="0" translateoutput="0"/>
    <organ0 organname="HW Silbermann Freiberg(sysex)V1" swellchan="3" validswellstop="12010;12011;12012;12013;12014;12015;12016;12019;12020;12021;12022;12023;12024;12092" greatchan="2" validgreatstop="12001;12002;12003;12004;12005;12006;12007;12028;12029;12030;12031;12032;12033;12036;12093" pedchan="1" validpedstop="12008;12009;12018;12025;12027;12034;12035" stopchan="2" stopcode="sysex" stopopen0="16" stopclose0="17" stopopen1="" stopclose1="" mastercancel="199;127" swellpedal="183;7;183;7" crescpedal="" accchan="" validaccstop="" percchan="" validpercstop="" swellsoundfont="eorg104a900.sf2" greatsoundfont="eorg104a900.sf2" accsoundfont="eorg104a900.sf2" pedsoundfont="eorg104a900.sf2" sysexmfr="125;57;114" reverb="1" swellbank="0" greatbank="0" accbank="0" pedbank="0" audiogain="0.3" aTouchOn="0"/>
    <FS1 swell0="12019 qQuintadena 16;16;0;15" great0="12001 qPrincipal 16;0;0;9" acc0="" ped0="12034 qUntersatz 32;52;0;2"/>
    <FS2 swell0="12011 qGedakt 8;32;0;43" great0="12029 qViol di Gamba 8;19;0;37" acc0="" ped0="12018 zPosaune16;11;0;114"/>
    <FS3 swell0="12010 qPrincipal 8;2;0;31" great0="12028 qOctave 8;56;0;43" acc0="" ped0="12009 qPrincipal 16;0;0;9"/>
    <FS4 swell0="12012 qQuintadena 8;44;0;40" great0="12036 qFlute 8;18;0;43" acc0="" ped0="12027 zTrompet 8;13;0;128"/>
    <FS5 swell0="12020 qOctave 4;5;0;56" great0="12003 qOctave 4;5;0;56" acc0="" ped0="12035 qOctave 8;56;0;43"/>
    <FS6 swell0="12021 qRohrflote 4;22;0;63" great0="12004 qFlute 4;22;0;63" acc0="" ped0=""/>
    <FS7 swell0="12022 qOctave 2;23;0;84" great0="12030 qQuinta 3;7;0;76" acc0="" ped0=""/>
    <FS8 swell0="12013 qNazat 3;7;0;76" great0="12031 qTertia aus 2;23;0;84" acc0="" ped0=""/>
    <FS9 swell0="12014 qQuinta 1 1/2;22;+16;91" great0="12005 qOctave 2;23;0;84" acc0="" ped0=""/>
    <FS10 swell0="12015 qQuint Altra;37;0;91" great0="12002 qCornet IV;41;0;100" acc0="" ped0=""/>
    <FS11 swell0="12024 qMixture III;9;0;100" great0="12032 qMixture IV;9;0;100" acc0="" ped0=""/>
    <FS12 swell0="12023 qSufflot 1;23;0;84" great0="12006 zFachott 16;25;0;132" acc0="" ped0=""/>
    <FS13 swell0="12092 qSchwebung;20;0;35" great0="12033 qCymbel III;10;0;100" acc0="" ped0=""/>
    <FS14 swell0="12016 zVox 8;39;0;139" great0="12007 zTrumpet 8;13;0;128" acc0="" ped0=""/>
    <FS15 swell0="" great0="" acc0="" ped0=""/>
    <FS16 swell0="" great0="" acc0="" ped0=""/>
    <FS17 swell0="" great0="" acc0="" ped0=""/>
    <FS18 swell0="" great0="" acc0="" ped0=""/>
    <FS19 swell0="" great0="" acc0="" ped0=""/>
    <FS20 swell0="" great0="" acc0="" ped0=""/>
    <FS21 swell0="" great0="" acc0="" ped0="12025 Bass Ventil;123"/>
    <FS22 swell0="" great0="" acc0="" ped0=""/>
    <FS23 swell0="" great0="" acc0="" ped0=""/>
    <FS24 swell0="" great0="" acc0="" ped0=""/>
    <FS25 swell0="" great0="" acc0="" ped0=""/>
    <FS26 swell0="" great0="" acc0="" ped0="12008 Swell to Grt;247"/>
    <FS27 swell0="" great0="" acc0="" ped0=""/>
    <FS28 swell0="" great0="" acc0="" ped0=""/>
    <FS29 swell0="" great0="" acc0="" ped0=""/>
    <FS30 swell0="" great0="" acc0="" ped0=""/>
    <FS31 swell0="" great0="" acc0="" ped0=""/>
    <FS32 swell0="" great0="12093 Trem;123;0;176" acc0="" ped0=""/>
    <playorgan0 song0=""/>
    <PP swell0="" great0="" acc0="" ped0=""/>
    <P swell0="" great0="" acc0="" ped0=""/>
    <MF swell0="" great0="" acc0="" ped0=""/>
    <F swell0="" great0="" acc0="" ped0=""/>
    <FF swell0="" great0="" acc0="" ped0=""/>
    <P1 swell0="" great0="" acc0="" ped0=""/>
    <P2 swell0="" great0="" acc0="" ped0=""/>
    <P3 swell0="" great0="" acc0="" ped0=""/>
    <P4 swell0="" great0="" acc0="" ped0=""/>
    <P5 swell0="" great0="" acc0="" ped0=""/>
</eplayOrganSettings>
